Employee ID,Employee Name,Serving Time,Forecast Volume,Day Patterns,Target Answer Time,day hour,volume,AHT,slaTarget,slaTime interval,agents,Occupancy,CAI,ASA,SL,Employee In Time,Employee Out Time
E90519,Priya Sharma,45.81,50,Holiday,72,9,12,73,89,30,20,99.01,1.85,50,88,10:54:16,18:07:26
E67797,Amit Verma,48.65,78,Weekday,55,18,47,500,91,15,24,69.37,4.26,26,94,10:34:36,18:23:31
E29420,Sunita Reddy,35.84,62,Weekday,110,14,53,179,90,30,9,73.67,2.7,16,90,10:02:40,18:51:38
E59401,Ravi Desai,59.95,74,Holiday,85,13,17,334,90,30,7,76.3,7.41,59,95,11:13:57,17:52:15
E70706,Sneha Kulkarni,44.85,99,Holiday,65,9,30,580,87,30,23,94.34,2.24,13,83,11:06:09,18:24:30
E77471,Gaurav Singh,39.8,85,Weekend,45,13,62,321,80,30,19,90.86,4.39,14,94,10:19:40,17:05:09
E38225,Anjali Mehra,43.2,75,Weekday,69,8,11,371,84,15,24,89.66,2.56,36,92,10:04:23,16:45:03
E21411,Rohit Nair,10.86,82,Holiday,37,9,13,390,89,15,27,71.5,9.54,58,88,10:12:14,17:38:26
E77656,Meena Patel,41.66,89,Holiday,83,16,26,555,89,30,27,62.4,3.81,44,92,09:32:38,17:45:23
E36471,Alok Banerjee,5.81,51,Holiday,95,21,41,404,83,60,26,72.01,1.08,45,87,09:42:33,17:31:07
E93810,Aditya Parmar,11.12,97,Weekend,66,11,18,477,83,60,30,95.69,1.78,37,84,15:51:42,10:19:15
E13905,Aadhya Aurora,10.15,64,Holiday,112,8,45,201,93,15,21,83.57,8.28,10,88,22:41:35,22:55:37
E65392,Divya Bedi,23.71,59,Weekday,78,9,15,294,83,30,18,84.15,8.26,56,97,13:04:35,07:31:30
E80284,Shivani Mody,11.87,74,Weekday,105,12,50,416,91,60,13,88.18,1.41,24,92,15:35:29,05:54:17
E20458,Warhi Agarwal,52.04,56,Weekend,70,15,50,527,91,15,18,74.21,7.03,54,85,11:45:03,19:08:25
E89840,Amara Nagy,39.92,84,Holiday,66,10,39,294,88,60,29,82.28,7.16,59,84,16:08:31,13:41:10
E40021,Gayathri Din,50.2,70,Weekend,69,9,23,567,90,15,27,79.97,8.96,51,97,09:38:18,07:25:05
E28726,Mahika Bhardwaj,19.57,65,Holiday,106,16,26,482,93,60,19,74.48,9.98,18,98,02:06:13,14:40:02
E21915,Pahal Chadha,46.57,57,Weekday,115,10,60,448,93,60,9,75.39,6.36,39,91,20:28:52,12:11:07
E82512,Vritti Char,52.34,50,Holiday,49,18,44,484,88,60,17,64.46,4.91,39,83,05:09:56,01:24:47
E44522,Lila Kapur,58.45,98,Weekday,99,9,50,252,86,15,18,90.5,5.85,59,83,01:31:15,00:37:53
E88504,Frederick Nanda,22.83,51,Weekday,81,21,29,222,81,15,25,97.88,1.77,41,85,14:38:54,08:26:03
E79822,Widisha Buch,47.12,58,Holiday,95,16,20,235,93,15,24,90.21,7.21,55,92,19:58:16,01:25:29
E62296,Bakhshi Kumar,59.73,91,Weekend,91,16,38,161,87,15,9,73.52,6.29,24,90,16:09:15,15:04:34
E10942,Fariq Tailor,8.9,90,Weekday,64,9,12,540,90,15,23,69.52,7.02,23,87,00:32:38,06:41:47
E84847,Nachiket Bera,36.69,65,Weekend,87,11,16,149,93,30,20,76.44,8.77,13,86,04:53:38,01:40:53
E17944,Peter Babu,27.14,71,Weekday,66,11,22,374,94,15,20,67.34,5.16,14,97,14:21:31,09:39:56
E82132,Anjali Hora,10.38,91,Holiday,36,9,58,534,87,15,20,79.43,2.92,35,84,04:58:37,07:20:07
E31579,Aarav Chopra,25.84,74,Weekend,93,12,37,456,95,15,13,71.87,9.72,47,84,15:16:39,02:13:58
E51104,Reyansh Dhar,8.14,87,Weekend,99,21,43,180,81,60,9,94.05,1.62,14,90,10:07:22,21:14:46
E62923,Dalaja Dyal,11.59,86,Weekday,109,17,12,417,82,30,28,83.35,5.71,26,89,18:11:24,17:11:27
E97782,Maya Brar,44.39,65,Weekend,85,10,52,430,89,30,17,97.16,9.42,10,97,09:42:27,08:40:21
E91416,Gaurav Prashad,59.91,56,Weekday,103,11,42,235,84,30,9,95.17,4.33,20,97,07:40:52,18:35:02
E81200,Aarna Shankar,43.69,89,Holiday,102,8,52,518,89,60,10,97.56,2.21,17,86,19:11:58,06:53:44
E82512,Dalbir Arora,13.55,68,Holiday,61,19,31,204,88,60,22,70.04,9.17,13,85,10:49:08,21:47:03
E93136,Sudiksha Randhawa,28.3,67,Weekday,35,13,59,166,88,15,30,77.67,7.35,45,83,16:37:41,05:16:50
E24663,Manya Thaman,9.14,94,Weekday,104,8,33,398,84,30,11,61.67,4.28,60,84,07:38:01,15:28:19
E56898,Yutika Oak,16.55,65,Holiday,48,13,59,386,93,60,30,66.18,9.37,20,88,23:06:42,09:30:10
E64040,Yug Kant,6.36,97,Weekend,87,20,52,542,87,30,12,91.49,1.97,12,98,06:54:58,17:54:53
E39154,Oviya Mital,15.98,79,Weekend,74,21,60,546,87,15,7,86.4,4.59,27,85,15:28:53,00:49:08
E46585,Hema Gade,24.31,82,Weekend,103,13,11,159,88,15,25,98.5,3.39,16,96,18:17:21,13:49:09
E55309,Jatin Balay,45.07,70,Weekend,112,16,17,297,86,30,8,88.35,1.02,44,89,16:38:33,09:12:14
E57739,Farhan Dasgupta,28.72,92,Weekend,114,13,52,534,83,60,16,80.28,7,30,95,07:23:13,03:55:50
E48752,Garima Varughese,35.49,62,Weekend,120,14,53,483,85,60,25,72.04,5.93,10,92,14:57:28,09:11:27
E47606,Divya Raval,16.56,100,Holiday,112,18,30,338,94,30,28,68.55,5.26,60,88,16:47:58,10:18:23
E96356,Xiti Muni,9.66,82,Holiday,116,17,31,147,87,60,16,68.99,2.79,11,84,09:41:13,15:38:50
E42092,Varsha Yadav,59.12,89,Weekday,93,14,50,394,86,60,29,75.36,4.6,19,83,17:40:50,00:05:48
E23970,Chavvi Bala,47.81,64,Weekday,101,15,13,385,87,15,21,65.33,5.18,43,93,07:13:59,15:04:57
E68008,Falan Sanghvi,38.7,96,Holiday,89,21,45,328,85,60,22,78,7.77,50,91,18:36:23,22:17:59
E78327,Teerth Vasa,31.65,65,Weekend,91,9,55,246,87,30,17,72.79,5.86,18,87,07:59:32,20:35:08
E40311,Benjamin Ahuja,26.07,59,Holiday,62,9,36,308,90,60,21,76.63,2.86,36,95,08:59:01,23:17:57
E86556,Ravi Desai,57.03,51,Holiday,83,15,10,582,91,30,19,94.14,9.58,36,90,08:24:10,04:30:17
E73993,Sneha Kulkarni,17.07,77,Weekend,38,14,31,442,92,60,12,93.62,9.28,49,83,23:40:24,10:04:39
E61645,Gaurav Singh,37.55,92,Weekday,45,18,37,169,94,15,8,70.41,3.95,39,93,20:38:20,23:54:18
E54236,Anjali Mehra,46.87,74,Weekend,88,12,15,340,80,60,24,62.08,9.57,24,85,09:37:57,13:01:39
E95426,Rohit Nair,7.21,51,Weekday,60,21,11,418,84,15,11,78.94,2.03,23,97,04:25:46,19:34:42
E43586,Meena Patel,47.18,60,Holiday,112,19,55,158,85,30,10,83.15,9.36,46,95,04:22:39,15:26:59
E61990,Alok Banerjee,56.78,62,Weekday,110,19,50,224,83,60,16,94.01,6.4,17,84,17:22:00,14:22:28
E55508,Aditya Parmar,34.3,92,Weekend,43,16,51,274,80,30,22,64.22,9.65,50,97,18:07:16,20:36:41
E30052,Aadhya Aurora,28.95,96,Holiday,118,12,49,513,95,30,20,93.03,6.33,30,90,15:35:01,07:44:02
E21359,Divya Bedi,20.34,78,Weekday,94,17,49,442,92,30,7,79.77,3.93,41,89,12:57:17,17:41:44
E56507,Shivani Mody,48.88,71,Weekend,111,19,27,384,80,60,13,63.42,7.48,41,90,08:09:18,15:52:22
E72402,Warhi Agarwal,40.52,81,Weekend,37,9,28,213,92,60,14,72.25,6.23,40,94,20:16:02,10:33:37
E65771,Amara Nagy,59.81,85,Weekend,80,19,39,238,89,30,14,64.83,2.73,17,88,10:30:08,13:56:57
E35105,Gayathri Din,16.9,80,Weekend,110,20,43,405,89,15,13,71.85,4.25,29,83,00:45:49,13:31:47
E80010,Mahika Bhardwaj,11.96,52,Weekday,105,12,54,583,84,60,22,64.1,1.11,28,98,07:30:03,05:02:09
E72746,Pahal Chadha,29.23,61,Weekday,67,21,40,158,82,30,22,62.96,6.67,13,87,15:35:30,12:46:24
E29555,Vritti Char,49.61,69,Weekday,66,9,45,491,93,60,26,91.63,3.03,43,95,07:23:39,11:32:49
E69049,Lila Kapur,54.97,69,Holiday,89,12,46,417,81,60,30,63.97,7.86,50,89,07:58:41,18:09:50
E44687,Frederick Nanda,41.32,60,Weekday,57,16,14,180,80,30,21,87.57,5.23,12,90,22:18:34,11:02:19
E47762,Widisha Buch,43.88,94,Weekend,44,18,24,573,88,60,25,86.45,9.4,37,86,06:58:46,15:10:49
E81376,Bakhshi Kumar,17.36,59,Weekend,53,9,13,184,89,60,30,92.97,9.29,38,86,19:12:51,18:13:51
E71433,Fariq Tailor,42.88,94,Weekend,69,16,44,352,94,15,26,61.59,4.89,30,91,12:18:02,13:56:44
E13390,Jason Bal,10.02,93,Holiday,110,8,58,444,88,60,8,90.52,2.58,43,97,13:20:15,10:35:19
E46458,Baghyawati Wason,14.98,87,Weekend,116,21,41,596,82,30,18,76.33,3.89,16,88,00:20:14,05:50:25
E53228,Vritti Prabhakar,27.64,81,Weekend,119,14,58,381,81,30,9,72.58,3.91,59,95,20:43:55,17:33:16
E77449,Kalpit Mangat,50.37,50,Holiday,104,15,36,127,86,60,18,84.91,5.49,38,84,04:04:44,05:49:05
E36680,Ati Karnik,19.69,58,Weekend,91,19,41,162,80,60,26,91.97,7.39,29,83,01:01:01,16:26:14
E82384,Harinakshi Samra,27.44,64,Weekday,94,9,51,526,84,30,29,71.67,7.35,36,98,03:32:25,09:18:52
E59401,Ravi Desai,18.41,85,Weekday,84,11,48,360,84,15,15,90.91,8.69,31,91,18:38:10,09:27:27
E70706,Sneha Kulkarni,20.56,69,Holiday,109,18,41,543,84,30,24,79.37,3.99,58,95,03:19:22,19:13:57
E77471,Gaurav Singh,56.31,62,Holiday,65,17,34,219,93,15,17,89.79,7.35,34,95,02:38:29,18:26:46
E38225,Anjali Mehra,48.58,91,Weekday,98,8,18,357,90,15,21,63.99,9.19,10,87,18:43:11,19:52:02
E21411,Rohit Nair,52.9,59,Weekday,95,20,26,273,92,60,9,94.07,8.67,44,95,12:42:35,20:21:44
E77656,Meena Patel,39.47,98,Weekend,104,8,49,135,87,60,28,96.84,9.98,57,85,05:28:34,06:39:38
E36471,Alok Banerjee,58.81,98,Holiday,47,15,20,455,89,15,8,72.97,1.51,32,94,07:33:57,06:40:44
E93810,Aditya Parmar,13.01,83,Weekend,107,18,60,192,85,15,9,84.38,4.44,53,90,05:36:59,16:06:56
E13905,Aadhya Aurora,55.21,59,Weekday,94,18,26,335,88,60,7,95.96,5.19,28,88,00:19:03,12:08:53
E65392,Divya Bedi,29.3,72,Holiday,73,18,37,453,88,30,16,67.97,4.46,40,86,07:06:31,14:11:08
E80284,Shivani Mody,25.98,72,Holiday,72,19,28,111,92,30,7,82.64,7.17,57,84,14:00:01,15:10:30
E20458,Warhi Agarwal,45.98,68,Weekday,112,20,32,212,86,60,15,87.11,7.49,52,87,08:12:46,00:47:09
E89840,Amara Nagy,10.34,90,Holiday,40,12,60,325,81,60,18,89.29,1.81,28,93,16:13:56,12:21:12
E40021,Gayathri Din,14.66,58,Holiday,81,16,42,567,88,15,15,96.56,9.5,28,93,06:31:16,07:14:29
E28726,Mahika Bhardwaj,30.76,54,Weekday,63,21,53,470,92,60,18,63.61,4.55,26,86,10:29:00,00:34:30
E21915,Pahal Chadha,25.27,97,Holiday,68,17,34,521,91,15,28,69.35,1.23,45,93,15:09:45,11:48:57
E82512,Vritti Char,17.18,54,Holiday,94,19,29,432,93,15,11,61.81,1.33,41,86,00:23:58,10:36:56
E44522,Lila Kapur,17.91,84,Weekday,84,15,33,443,93,60,30,89.06,8.97,51,86,06:17:29,18:23:11
E88504,Frederick Nanda,38.86,67,Weekday,82,11,38,327,87,30,10,99.24,4.31,51,94,03:38:44,09:05:39
E79822,Widisha Buch,26.9,62,Weekday,93,9,52,208,80,15,17,69.74,2.13,46,89,11:15:26,02:30:58
E62296,Bakhshi Kumar,50.64,85,Weekday,110,11,24,268,84,60,7,71.09,9.86,18,91,00:27:25,19:24:53
E10942,Fariq Tailor,11.05,51,Weekday,36,13,60,503,87,60,17,60.63,3.39,18,96,10:30:11,15:36:53
E78955,Akshay Bala,11.25,54,Weekend,92,20,33,362,83,30,23,68.86,6.54,56,92,11:29:46,16:34:07
E70036,Shaurya Dhar,40.38,51,Weekday,96,21,35,318,83,30,29,96.39,1.66,15,93,16:47:21,06:49:13
E89730,Hema Kata,13.16,58,Weekend,114,18,47,380,90,30,26,81.22,5.08,48,96,02:32:36,15:22:59
E22999,Falak Arora,48.62,57,Holiday,118,20,45,469,86,30,21,95.52,4.72,39,95,01:38:57,04:20:26
E64524,Isaiah Desai,45.13,70,Weekend,75,18,26,291,84,60,22,62.69,8.49,15,96,21:39:50,15:31:26
E22656,Hiral Roy,45.95,73,Weekday,106,8,47,589,90,60,10,76.43,8.86,58,96,00:23:50,16:58:00
E16743,Charita Karan,58.26,88,Weekend,80,9,46,359,86,15,28,79.29,8.63,32,94,00:24:24,10:43:29
E25058,Yatan Goyal,46.94,86,Weekday,89,21,45,598,80,60,28,93.18,3.41,21,91,06:58:09,00:37:30
E50499,Girish Nath,55.68,72,Weekday,58,21,19,389,92,15,11,89.64,9.75,15,89,12:05:24,18:42:12
E59308,Jatin Sama,28.09,71,Weekday,82,12,56,266,82,15,11,66.3,6.56,53,85,03:06:04,22:41:50
E45665,Azaan Pal,29.37,77,Weekend,112,15,36,239,86,60,10,73.81,2,53,98,16:33:49,13:08:58
E79066,Ronith Mukherjee,41.69,52,Weekday,85,17,13,103,86,30,13,90.69,7.88,28,93,23:37:53,05:07:35
E59401,Ravi Desai,5.43,97,Weekend,57,10,34,372,87,60,24,93.33,8.26,14,95,03:54:47,03:56:12
E70706,Sneha Kulkarni,28.99,79,Weekday,75,17,37,393,92,60,27,76.71,2.04,11,93,10:24:53,17:35:34
E77471,Gaurav Singh,49.07,89,Weekend,81,9,37,532,83,15,20,83.55,5.72,35,92,08:00:12,07:06:14
E38225,Anjali Mehra,17.19,99,Weekday,44,16,50,158,86,30,18,89.1,8.37,19,90,06:09:16,01:20:06
E21411,Rohit Nair,13.05,62,Weekday,112,10,58,488,82,15,27,79.76,7.79,58,97,01:43:38,20:41:10
E77656,Meena Patel,55.83,86,Holiday,116,17,30,542,90,15,21,62.73,4.98,29,91,13:48:37,16:55:00
E36471,Alok Banerjee,8.09,82,Weekday,74,15,38,119,81,30,16,63.07,8.78,15,95,12:12:56,05:37:56
E93810,Aditya Parmar,36.92,100,Holiday,40,15,46,433,86,30,26,79.03,2.36,13,97,13:08:16,12:17:41
E13905,Aadhya Aurora,49.6,71,Holiday,45,16,51,188,81,15,29,77.51,4.95,43,88,11:24:18,00:16:39
E65392,Divya Bedi,25.51,68,Weekend,87,20,31,447,81,60,27,73.39,3.97,45,95,16:33:56,12:25:04
E80284,Shivani Mody,18.86,92,Holiday,54,13,15,398,84,30,16,98.71,7.29,35,87,05:09:48,03:33:45
E20458,Warhi Agarwal,43.99,55,Weekend,106,14,51,505,90,15,28,88.11,9.52,53,85,16:35:03,13:06:53
E89840,Amara Nagy,41.88,82,Weekend,37,13,29,192,86,30,22,67.68,10,19,85,22:48:53,13:08:18
E40021,Gayathri Din,51.44,56,Holiday,104,21,57,552,81,60,17,95.06,6.56,48,95,05:28:57,06:04:29
E28726,Mahika Bhardwaj,13.92,94,Holiday,56,19,38,122,93,30,28,88.78,9.73,49,92,12:07:02,04:57:49
E21915,Pahal Chadha,17.87,65,Weekend,95,21,22,288,94,30,16,91.12,5.53,36,88,15:54:15,08:53:45
E82512,Vritti Char,49.07,58,Weekend,41,18,40,547,91,60,10,88.46,5.64,17,92,20:11:16,00:24:06
E44522,Lila Kapur,46.97,67,Weekend,100,10,37,146,87,30,18,97.22,4.73,35,94,13:13:49,15:33:10
E88504,Frederick Nanda,26.24,55,Weekend,63,8,30,576,83,60,27,73.41,2.31,12,92,16:23:19,18:43:54
E79822,Widisha Buch,43.28,58,Holiday,95,15,49,102,82,15,15,68.63,2.35,56,96,18:58:02,21:15:59
E62296,Bakhshi Kumar,47.69,65,Weekend,50,8,25,314,94,15,10,93.47,5.5,44,83,14:26:57,09:22:31
E10942,Fariq Tailor,33.35,65,Holiday,53,12,37,100,91,15,25,76.66,6.98,15,94,22:26:48,15:16:16
E18870,Gaurav Radhakrishnan,57.44,84,Holiday,99,16,11,299,95,15,27,75.48,4.36,57,83,00:17:56,00:40:24
E56805,Tanvi Bose,48.37,72,Weekday,119,18,16,495,90,15,8,74.09,4.05,51,88,12:36:18,21:03:30
E99742,Faris Jayaraman,30.55,94,Weekend,115,10,18,132,94,15,16,68.06,8.12,12,93,17:07:51,05:26:40
E50642,Omaja Sachdeva,33.35,84,Weekend,67,8,58,431,86,30,18,94.49,1.43,51,93,06:33:39,16:22:29
E45811,Oni Dhawan,11.85,73,Weekend,86,19,38,558,92,30,12,79.85,5.48,43,91,21:47:29,17:03:45
E20828,Odika Baria,44.99,55,Weekend,112,21,21,379,89,30,10,63.2,6.95,29,97,15:29:12,16:20:30
E88986,Om Sunder,44.47,60,Holiday,91,13,38,121,91,60,20,70.98,9.82,13,85,20:01:44,22:24:33
E97973,Onveer Chana,40.06,73,Holiday,55,8,19,534,94,15,11,62.69,8.01,33,94,10:36:36,14:16:35
E60181,Kalpit Sethi,57.22,52,Holiday,54,18,38,585,91,30,21,90.52,6.17,43,94,18:24:56,02:15:19
E62171,Chatura Shanker,22.29,67,Weekday,49,8,57,195,95,60,19,96.54,2.06,59,91,23:07:17,12:37:42
E68493,Rishi Menon,16.8,89,Weekend,97,11,17,169,82,30,12,95.95,5.01,15,93,19:41:35,03:37:27
E97535,Pratyush Bose,24.11,54,Holiday,104,12,29,535,85,60,29,97.09,6.74,60,94,05:30:50,18:08:50
E76683,Warinder Agarwal,17.33,62,Weekday,65,20,41,113,91,60,25,74.76,8.23,45,87,22:26:39,05:55:04
E90209,Champak Atwal,53.63,54,Weekend,85,19,56,345,93,30,25,62.95,9.75,51,85,04:09:20,06:11:51
E68979,Ekanta Chakraborty,30.62,83,Weekend,51,21,59,382,85,15,20,80.11,8.81,17,87,02:36:04,10:46:29
E49862,Pranav Keer,14.06,70,Holiday,63,13,43,558,89,15,15,67.85,9.61,27,87,13:08:29,22:02:10
E91922,Dayamai Mandal,21.66,84,Weekday,99,18,20,403,84,15,28,84.98,9.12,31,84,03:37:56,15:43:10
E13718,Tanmayi Badal,9.47,91,Holiday,68,18,23,492,93,60,27,61.21,9,44,92,07:18:35,16:29:33
E94136,Qarin Tandon,57.62,80,Weekday,86,12,39,137,81,15,21,76.62,5.18,31,87,06:47:38,00:48:42
E50970,Niharika Saini,52.38,70,Holiday,79,14,18,489,91,60,24,64.25,3.18,17,91,06:23:08,18:25:58
E68929,Balendra Mahal,18.64,56,Weekday,72,14,49,314,87,15,17,97.35,7.49,22,88,12:43:06,23:36:24
E75308,Alexander Sood,59.78,79,Weekend,74,15,11,146,92,60,21,98.67,2.94,32,84,05:55:23,00:16:04
E16624,Zinal Prabhu,20.47,88,Holiday,95,12,44,104,83,30,11,95.3,7.55,58,95,12:16:31,15:14:53
E57964,Rudra Handa,7.49,53,Holiday,106,11,33,383,89,15,19,80.17,7.88,27,86,12:34:44,00:21:48
E26864,Faris Mutti,58.63,75,Weekend,78,16,33,486,84,15,26,80.36,5.5,12,84,22:18:59,02:16:20
E27961,Ishanvi Gade,44.25,80,Holiday,93,10,48,557,84,30,26,72.74,4.54,49,92,16:22:02,00:27:18
E87820,Ishita Grover,23.5,82,Holiday,97,19,46,253,95,15,18,73.25,1.99,36,92,12:39:46,03:15:16
E92478,Diya Loke,6.47,80,Weekend,118,20,59,396,87,60,8,83.34,2.53,50,95,05:44:55,01:31:37
E29369,Adweta Ramaswamy,50.19,65,Weekday,108,19,17,197,80,30,17,76.75,4.72,23,96,14:40:45,08:24:14
E75774,Hritik Sha,47.62,80,Holiday,42,19,18,365,86,60,17,99.92,5.31,34,93,09:19:53,16:29:26
E32699,Kai Prakash,30.28,84,Weekend,104,13,53,495,88,60,22,67.69,3.22,45,92,02:03:45,15:24:53
E39473,Chakrika Swaminathan,56.78,69,Weekend,61,19,55,350,90,30,18,82.42,9.41,56,91,22:09:17,05:50:28
E47721,Samesh Swaminathan,11.7,93,Holiday,83,14,32,588,84,30,8,71.51,7.43,32,97,19:39:19,11:12:17
E95979,Jackson Karpe,19.1,80,Weekday,60,21,44,238,88,15,10,84.63,6.28,25,84,19:40:44,20:25:29
E97796,Tristan Sankaran,54.79,64,Holiday,64,8,16,311,90,60,22,64.02,7.94,10,88,17:02:43,09:59:04
E63334,Nachiket Sami,40.91,80,Weekend,118,11,58,593,89,30,16,85.84,9.17,15,90,14:05:18,11:23:47
E80143,Wishi Pillai,45.63,52,Weekday,88,21,21,578,81,30,22,67.45,7.74,28,84,19:02:07,23:52:25
E11214,Bina Lanka,21.41,88,Weekday,77,12,39,428,95,15,23,78.72,2.74,17,93,03:34:18,17:40:18
E31298,Anya Palan,45.21,91,Weekend,58,8,57,272,89,60,28,90.29,2.58,50,95,21:07:25,00:54:51
E66059,Omisha Loyal,33.34,55,Weekend,120,9,21,171,95,30,14,60.27,4.45,38,91,01:13:51,14:06:57
E53204,Omkaar Parekh,21.61,96,Holiday,36,12,51,284,87,15,28,64.73,3.76,35,92,23:35:31,14:41:12
E25389,Faris Oak,40.13,68,Weekend,113,11,24,590,84,30,11,78.2,9.9,33,96,03:36:02,03:24:49
E81989,Zinal Sarraf,55.2,98,Holiday,120,21,23,490,87,60,26,94.93,1.74,38,94,04:35:35,16:10:41
E20237,Wahab Desai,55.45,57,Weekday,105,16,22,393,84,15,17,94.18,4.98,53,89,20:34:22,01:19:39
E86434,Darsh Rattan,31.89,82,Weekend,42,15,18,362,93,30,25,62.31,5.16,29,83,04:46:18,03:19:13
E61897,Chanchal Dua,19,50,Holiday,62,17,14,123,93,30,29,62.55,9.95,14,98,04:39:12,05:43:16
E14159,Nidra Lanka,20.79,61,Weekday,117,19,51,593,93,30,19,77.94,9.25,34,95,08:14:06,11:56:50
E20518,Yashasvi Dhar,42.55,92,Holiday,52,18,32,160,85,60,19,81.15,7.55,24,83,13:44:27,14:42:54
E12979,Abhimanyu Raj,58.82,79,Holiday,104,14,44,294,87,15,21,73.85,3.48,56,86,03:20:22,23:30:56
E14222,Girish Madan,49.52,76,Holiday,37,11,23,134,83,60,8,77.86,7.05,13,90,17:50:50,11:02:51
E15798,Ishanvi Biswas,27.12,64,Holiday,62,20,59,128,84,60,16,69.37,9.25,46,93,21:16:52,08:36:37
E85690,Vedhika Khalsa,37.89,93,Weekend,65,12,19,438,87,30,16,71.01,6.01,47,88,09:46:29,21:01:51
E92050,Matthew Badal,42.33,85,Weekend,41,13,51,443,92,60,17,87.85,4.67,29,95,16:39:08,06:09:25
E34101,Theodore Jayaraman,46.49,80,Weekday,63,12,55,173,94,15,24,76.51,4.75,43,87,07:25:30,01:13:14
E60910,Onveer Bala,18.36,63,Weekend,117,9,38,533,91,15,24,88.98,2.71,27,95,18:47:48,15:09:49
E98299,Odika Yohannan,38.27,52,Weekday,59,20,58,400,86,30,13,94.78,4,10,89,20:32:36,08:42:07
E34906,Anthony Wali,57.91,57,Holiday,96,11,54,409,86,30,14,82.08,7.98,34,97,11:23:29,19:58:04
E79946,Eshana Mandal,40.68,69,Weekend,81,16,41,338,83,60,22,90.47,3.88,23,94,20:30:35,19:18:48
E51015,Nilima Zacharia,27.77,86,Weekday,53,8,26,383,93,30,11,67.85,3.07,46,90,14:27:29,10:49:53
E75444,Vyanjana Bandi,35.29,93,Weekend,67,20,41,594,95,30,12,89.31,4.17,18,98,03:10:24,14:59:51
E34123,Veda Kashyap,55.43,84,Holiday,42,16,12,529,82,60,8,90.57,4.71,50,90,21:16:58,11:07:58
E18908,Rayaan Bose,43.89,50,Weekday,99,15,33,130,95,60,22,60.63,5.79,36,83,06:55:00,02:08:07
E12192,Fiyaz Malhotra,34.12,67,Holiday,71,8,42,516,93,15,10,96.72,5.72,25,89,06:43:22,21:00:34
E91235,Yashoda Wadhwa,33.96,72,Weekend,85,9,33,591,92,30,25,69.73,7.28,29,85,07:19:18,11:55:16
E95686,Simon Padmanabhan,59.54,91,Weekday,46,14,34,293,95,15,27,60.38,2.54,41,96,13:41:06,17:47:21
E94529,Neha Dyal,48.14,86,Weekday,102,8,24,208,95,30,8,96.97,7.16,27,84,13:51:20,15:07:16
E33508,Rajata Wadhwa,56.08,70,Weekday,61,17,19,485,92,15,16,66.5,3.16,34,93,11:10:24,03:04:24
E60311,Charles Sinha,46.56,58,Holiday,45,16,57,598,91,15,10,77.48,8.55,31,95,01:16:39,10:30:55
E52778,Charvi Yadav,6.63,67,Weekend,97,11,32,383,92,30,12,87.19,6.95,15,92,10:23:47,13:32:45
E42302,Osha Saha,44.22,55,Weekend,54,14,55,501,84,60,19,72.67,1.96,10,92,02:12:23,07:30:24
E68292,Rayaan Hayer,24.8,67,Weekday,51,9,21,320,94,60,24,80.5,1.93,15,94,18:18:50,18:00:59
E82642,Vasatika Parsa,10.12,88,Weekend,84,8,28,311,92,15,30,96.05,9.15,25,88,05:19:21,12:54:38
E99825,Omkaar Gokhale,25.94,58,Weekend,73,12,41,174,82,15,20,71.04,3.7,60,85,18:45:49,02:55:38
E57333,Nitesh Borra,18.84,65,Holiday,115,15,48,415,86,30,10,65.42,1.06,35,93,00:55:40,23:21:16
E20828,Odika Baria,25.89,71,Weekend,77,14,51,598,84,30,17,84.13,7.26,40,93,13:54:25,00:32:44
E88986,Om Sunder,58.05,70,Weekend,116,15,46,500,87,30,19,71.21,8.07,33,86,09:43:51,14:29:02
E97973,Onveer Chana,15.99,84,Weekday,105,8,56,336,86,30,16,93.25,1.62,60,96,02:40:38,04:13:53
E60181,Kalpit Sethi,32.46,90,Weekend,65,12,52,178,93,30,9,77.96,6.38,47,95,14:50:25,08:06:40
E62171,Chatura Shanker,32.86,94,Weekend,104,8,60,595,91,60,24,83.75,9.23,16,90,08:38:58,06:09:16
E68493,Rishi Menon,41.56,60,Holiday,113,8,46,430,92,30,20,64.24,1.89,24,90,06:47:35,06:23:44
E97535,Pratyush Bose,25.58,79,Holiday,110,19,42,177,91,15,22,64.18,4.74,15,86,08:02:00,16:03:08
E76683,Warinder Agarwal,24.16,71,Weekend,61,16,40,278,95,15,21,88.88,5.07,14,92,21:47:59,08:02:32
E90209,Champak Atwal,49.56,57,Weekday,78,18,16,446,85,60,14,80.64,5.97,31,96,02:59:38,05:22:47
E68979,Ekanta Chakraborty,17.75,75,Holiday,58,10,50,436,93,30,7,89.5,8.95,38,96,12:12:02,08:15:49
E49862,Pranav Keer,5.24,63,Weekday,70,20,55,514,82,60,10,91.98,5.83,33,93,03:30:02,19:17:50
E91922,Dayamai Mandal,30.17,66,Holiday,97,16,50,260,92,60,19,83.48,4.13,39,88,16:27:56,08:59:18
E13718,Tanmayi Badal,43.83,69,Holiday,110,9,53,168,90,15,14,72.22,2.65,54,87,14:42:13,12:40:00
E94136,Qarin Tandon,26.37,88,Weekday,108,14,37,195,95,60,24,87.74,6.81,21,88,17:18:12,13:58:55
E50970,Niharika Saini,20.89,61,Weekend,92,17,13,543,91,15,22,65.46,8.34,45,98,22:53:27,06:21:09
E68929,Balendra Mahal,42.66,76,Holiday,91,15,20,142,80,15,16,61.31,3.02,28,88,09:47:49,10:01:22
E75308,Alexander Sood,36.11,99,Weekend,105,16,17,393,83,30,24,92.93,4.3,58,84,13:17:22,09:04:37
E16624,Zinal Prabhu,35.05,77,Weekday,118,20,25,252,81,30,15,73.94,8.35,38,86,10:15:41,00:40:38
E57964,Rudra Handa,16.54,97,Holiday,79,21,55,412,93,15,26,65.57,2.86,23,84,05:41:00,10:24:03
E26864,Faris Mutti,24.29,67,Holiday,103,10,30,460,89,30,25,70.69,8.72,53,86,20:02:46,18:40:09
E27961,Ishanvi Gade,57.95,100,Weekend,42,12,51,164,84,15,11,88.46,8.46,58,95,01:06:50,00:47:21
E87820,Ishita Grover,12.82,90,Weekend,115,14,34,331,82,60,9,76.11,7.75,54,94,13:09:51,06:27:39
E92478,Diya Loke,57.26,70,Holiday,35,21,59,533,82,60,21,85.39,7.28,14,95,17:47:07,15:52:20
E29369,Adweta Ramaswamy,58.25,63,Weekend,69,13,28,272,84,60,22,91.53,9.05,58,84,16:14:29,07:27:15
E75774,Hritik Sha,10.48,100,Weekend,37,9,20,325,94,15,20,68.09,7.2,18,92,07:20:26,11:47:19
E32699,Kai Prakash,53.09,67,Weekday,118,13,26,142,91,60,27,66.62,4.57,29,90,13:24:03,12:53:30
E39473,Chakrika Swaminathan,41.05,95,Weekday,35,11,40,139,84,60,14,80.78,5.01,10,93,20:54:02,01:02:40
E47721,Samesh Swaminathan,59.35,77,Holiday,51,15,14,217,92,15,30,92.24,1.93,33,92,09:22:28,00:04:18
E95979,Jackson Karpe,26.05,98,Weekday,117,18,19,135,80,60,27,66.56,4.16,23,87,08:50:26,16:29:59
E97796,Tristan Sankaran,38.88,78,Weekday,46,9,18,485,83,60,30,75.36,9.67,30,87,19:52:38,01:38:41
E63334,Nachiket Sami,20.23,55,Weekday,105,17,48,469,89,60,7,93.92,6.93,29,89,11:46:58,16:33:27
E80143,Wishi Pillai,38.38,62,Holiday,85,12,51,127,87,30,19,64.51,5.5,48,85,10:12:14,16:39:16
E11214,Bina Lanka,53.88,50,Weekend,75,10,34,540,93,30,24,87.32,7.86,59,85,19:35:19,23:26:46
E12187,Gopal Varty,37.3,50,Weekend,62,8,13,585,92,60,16,85.14,5.51,36,96,00:51:09,10:24:25
E62727,Nathaniel Bawa,9.53,84,Holiday,113,10,27,142,89,15,23,96.84,9.77,19,93,15:50:50,21:04:56
E61213,Netra Chaudhuri,37.25,98,Holiday,117,9,29,457,93,60,14,62.32,1.78,37,86,07:52:15,23:44:50
E69424,Niharika Date,38.68,53,Weekend,120,19,52,479,85,15,7,88.32,7.31,20,98,10:35:00,04:44:11
E55443,Qabil Hegde,33.77,100,Holiday,68,10,33,164,88,60,10,90.86,1.26,37,91,12:14:32,01:51:17
E78662,Shravya Bath,8.51,95,Holiday,115,9,41,333,91,15,22,94.37,2.5,20,91,10:02:15,12:06:35
E23487,Priya Loke,54.18,93,Holiday,49,11,57,360,80,15,7,69.78,5.25,34,87,10:40:35,10:06:13
E33456,Vidhi Dhingra,56.21,52,Holiday,118,14,24,264,87,30,30,72.8,8.43,46,94,05:11:14,19:47:19
E25650,Chaitaly Korpal,32.61,53,Weekday,63,20,43,123,92,15,21,94.64,7.96,29,93,23:43:08,08:26:38
E21322,Nidra Kanda,35.42,50,Weekend,60,12,46,501,89,60,26,69.7,4.31,41,89,23:53:05,14:57:13
E81638,Harrison Sinha,46.83,65,Weekday,35,14,11,219,91,60,29,95.09,9.56,10,95,07:00:11,17:43:00
E50306,Bhavika Panchal,10.72,83,Weekday,88,15,13,597,84,60,15,63.72,9.29,43,96,02:08:16,02:41:31
E58823,Christopher Shankar,30.22,97,Weekday,109,9,42,168,92,15,25,82.71,4.91,18,90,13:38:46,06:54:55
E48230,Jalsa Ram,19.35,70,Weekend,76,13,38,239,87,15,13,65.44,7.93,16,87,19:16:25,14:34:01
E23848,Hritik Chandran,14.04,79,Weekend,87,9,44,283,86,30,16,78.53,8.67,15,88,23:55:02,01:28:41
E99922,Bhavya Patel,21.73,95,Holiday,112,8,23,527,90,15,9,88.45,9.72,35,84,21:42:29,11:23:44
E98759,Jack Rajagopalan,21.44,61,Weekday,86,21,38,384,87,15,21,64.08,8.14,17,83,15:09:31,07:30:57
E18083,Udyati Ravi,50.67,64,Weekday,60,21,35,290,82,60,25,70.35,8.31,11,85,20:46:22,08:42:46
E35919,Victor Vig,54.64,78,Weekday,46,21,31,162,81,30,8,66.72,6.16,56,95,02:07:31,00:42:48
E75028,Gavin Kant,6.62,93,Weekend,57,13,23,565,85,30,15,77.84,2.34,49,90,07:30:43,02:01:24
E94840,Kai Choudhary,21.23,76,Holiday,96,8,15,243,92,15,20,67.98,8.96,43,90,00:26:05,10:21:25
E92674,David Vyas,59.67,84,Weekday,83,20,55,283,95,60,22,73.76,6.09,30,95,15:40:15,23:08:51
E45446,Ikbal Buch,14.89,70,Holiday,63,8,59,243,81,30,23,74.3,6.26,24,88,03:55:16,10:34:18
E20828,Odika Baria,18.63,65,Weekend,103,21,60,569,81,15,25,93.86,8.18,32,88,09:15:39,19:18:38
E88986,Om Sunder,18.01,70,Holiday,80,17,11,460,91,60,25,65.68,9.54,41,92,22:41:07,01:27:58
E97973,Onveer Chana,31.97,55,Weekday,64,17,24,110,95,15,17,96.72,2.81,18,93,17:20:37,03:25:25
E60181,Kalpit Sethi,55.53,70,Weekday,37,10,47,460,84,15,23,94.43,9.65,33,95,03:03:53,16:54:17
E62171,Chatura Shanker,10.56,69,Weekend,52,10,56,585,93,60,22,85.97,2.57,45,94,01:09:49,04:26:51
E68493,Rishi Menon,41.6,61,Weekend,74,19,54,250,84,15,30,60.07,7.32,46,95,13:46:43,14:04:46
E97535,Pratyush Bose,6.78,88,Weekend,113,11,50,389,83,30,11,73.25,1.7,32,93,01:21:52,02:04:04
E76683,Warinder Agarwal,39.99,55,Holiday,120,18,56,553,90,30,7,70.61,3.25,14,94,10:45:26,03:25:23
E90209,Champak Atwal,48.29,96,Weekday,41,14,38,475,93,15,20,79.72,4.41,44,95,22:33:26,18:06:52
E68979,Ekanta Chakraborty,50.58,100,Holiday,118,20,53,215,85,30,9,91.97,1.3,11,93,13:17:01,20:24:09
E49862,Pranav Keer,57.34,54,Weekend,56,14,20,474,82,60,9,73.52,9.87,40,83,13:45:06,14:12:42
E91922,Dayamai Mandal,56.83,60,Holiday,90,10,13,151,90,15,13,76.37,5.99,56,91,13:30:43,18:28:26
E13718,Tanmayi Badal,20.48,65,Weekday,41,14,46,381,95,15,8,74.43,4.85,28,98,07:36:45,15:58:55
E94136,Qarin Tandon,10.33,63,Weekday,116,12,15,342,83,30,19,78.84,9.05,26,85,22:28:42,03:46:33
E50970,Niharika Saini,34.93,61,Weekend,83,13,21,328,81,30,21,78.6,3.04,27,84,15:04:59,06:28:57
E68929,Balendra Mahal,46.37,92,Weekday,45,18,32,513,93,60,14,82.14,8.57,43,96,19:57:08,18:08:42
E75308,Alexander Sood,42.79,80,Holiday,65,15,29,140,92,60,8,80.08,9.1,46,87,15:25:30,18:44:50
E16624,Zinal Prabhu,57.21,78,Weekday,56,11,22,164,81,30,9,99.53,4.92,50,87,15:38:18,19:32:07
E57964,Rudra Handa,19.18,96,Weekday,46,14,45,303,90,30,23,78.33,8.86,60,96,05:48:58,03:36:06
E26864,Faris Mutti,27.79,59,Holiday,110,17,58,593,83,15,25,91.18,8.07,44,94,08:15:14,03:58:42
E27961,Ishanvi Gade,19.53,91,Weekend,108,17,40,119,85,30,19,65.75,6.48,54,95,16:04:50,05:28:07
E87820,Ishita Grover,26.77,71,Holiday,65,8,57,343,88,30,7,73.51,8.14,29,91,18:34:10,10:26:20
E92478,Diya Loke,52.2,93,Weekday,64,10,29,598,94,30,15,89.15,6.44,15,89,17:30:37,16:51:06
E29369,Adweta Ramaswamy,16.63,76,Holiday,97,20,43,544,91,15,23,91.66,1.59,55,95,16:17:37,07:19:50
E75774,Hritik Sha,47.93,83,Holiday,38,10,22,548,86,15,14,61.32,1.46,33,89,16:30:56,11:52:37
E32699,Kai Prakash,25.26,79,Holiday,85,18,17,448,80,15,18,79.55,5.01,40,94,09:24:19,04:00:32
E39473,Chakrika Swaminathan,13.99,66,Holiday,46,12,11,297,81,15,25,91.19,2.93,24,90,23:26:41,13:19:26
E47721,Samesh Swaminathan,16.37,91,Weekend,100,8,59,595,80,30,11,85.89,6.41,10,90,04:47:19,05:05:10
E95979,Jackson Karpe,38.46,69,Holiday,117,12,37,558,92,30,21,70.08,5.2,53,95,21:49:17,09:57:58
E97796,Tristan Sankaran,10.63,82,Holiday,82,16,51,404,89,30,28,64.32,1.57,27,93,19:25:49,05:42:50
E63334,Nachiket Sami,19.36,95,Holiday,73,11,19,364,87,15,26,76.16,3.88,18,83,03:00:57,12:58:53
E80143,Wishi Pillai,32.36,68,Weekend,88,14,34,477,81,60,29,99.79,8.34,31,90,18:43:33,15:03:02
E11214,Bina Lanka,34.4,100,Weekend,120,13,42,253,85,60,24,67.25,1.88,18,91,16:21:03,23:59:16
E83273,Bahadurjit Das,46.96,61,Holiday,77,18,15,213,91,15,30,94.86,4.78,31,94,10:46:05,08:31:44
E44152,Yoshita Nadig,37.21,79,Weekday,95,8,50,398,82,30,13,80.02,8.81,34,92,08:44:48,03:21:05
E64146,Gagan Date,7.97,59,Weekday,60,13,36,391,94,15,17,94.5,2.62,15,98,14:12:38,14:16:56
E53598,Inaya Cheema,39.71,61,Weekend,116,8,10,331,88,15,12,83.05,2.43,60,85,23:12:49,16:34:45
E26961,Yauvani Toor,38.8,90,Weekend,86,14,40,296,80,15,24,67.98,4.36,10,93,10:00:25,09:22:53
E79603,Yoshita Mutti,15.48,93,Weekday,115,19,25,215,91,30,11,64.11,5.53,29,88,10:51:22,11:31:03
E18557,Champak Varughese,50.31,69,Weekend,93,19,43,405,90,30,28,99.82,4.08,41,94,02:03:39,16:22:08
E34697,Indira Magar,14.07,75,Weekday,64,11,56,167,86,60,7,83.59,2.52,33,84,22:53:06,21:06:06
E59177,Anvi Murty,53.21,66,Holiday,114,8,48,124,83,60,7,61.93,2.04,38,95,15:00:02,02:44:08
E26199,Yutika Chowdhury,35.1,80,Holiday,54,11,54,451,80,30,20,86.47,6.96,27,87,09:50:42,19:42:13
E64896,Varenya Rattan,50.69,56,Holiday,114,9,28,158,83,30,13,84.36,8,43,89,20:44:23,22:18:10
E56913,Advaith Hayer,43.69,68,Weekday,40,16,41,566,86,60,22,73.22,1.02,52,85,08:18:22,09:09:36
E24474,Qasim Patil,50.94,92,Weekend,54,9,59,361,82,60,30,64.05,3.3,24,97,06:40:33,09:56:35
E48800,Anusha Contractor,19.53,53,Weekday,57,21,12,536,89,30,28,72.51,7.65,16,84,07:48:49,14:20:33
E11267,Upadhriti Gola,51.86,92,Holiday,56,13,32,557,94,60,15,95.14,1.84,31,88,20:35:44,12:03:42
E24920,Wriddhish Minhas,27.04,79,Weekend,84,19,40,509,93,60,12,64.52,7.27,13,88,10:06:03,10:00:26
E23593,Anmol Chadha,27.88,87,Weekend,107,18,38,192,92,30,26,61.15,7.16,56,87,12:18:39,18:09:36
E73318,Yagnesh Sachdeva,55.62,57,Weekend,91,8,14,233,90,15,29,94.73,5.72,57,90,18:59:54,19:28:08
E97797,Harrison Sha,53.02,83,Holiday,114,9,37,438,87,30,18,86.55,6.77,19,84,04:16:50,00:41:16
E11526,Ekanta Kibe,40.39,60,Holiday,95,21,41,545,85,15,22,72.83,3.98,27,84,08:04:15,05:17:07
E76444,Wyatt Mallick,17.25,91,Weekend,86,21,25,140,94,30,25,77.92,8.71,38,93,02:05:15,06:10:57
E25559,Gayathri Pant,58.94,97,Holiday,37,9,35,311,81,60,24,60.01,1.82,48,92,18:25:07,20:28:31
E76628,Aishani Walia,35.93,91,Holiday,93,13,33,522,81,15,21,73.28,7.91,48,98,22:34:08,20:29:58
E96136,Laksh Dara,24.98,78,Weekday,47,20,52,213,80,30,18,93.2,9.68,28,94,01:52:54,07:39:46
E23935,Vidhi Pingle,7.52,60,Weekend,52,21,55,480,93,15,15,84.43,2.69,35,89,15:42:08,06:35:38
E69905,Sarthak Nayar,50.35,62,Holiday,78,9,58,312,81,60,28,83.55,7.95,38,97,08:05:26,13:05:22
E96305,Pranav Peri,37.41,82,Weekday,98,8,43,476,81,60,20,93.55,5.35,42,88,17:25:35,09:26:05
E85832,Brinda Kala,14.55,58,Weekday,84,18,48,410,90,60,19,76.75,6.48,54,90,12:53:41,05:45:53
E45860,Joshua Narula,26.88,71,Weekend,92,20,18,170,93,60,29,95.46,5.61,54,93,01:35:51,17:11:22
E82559,Vivaan Chawla,39.79,62,Weekday,114,19,28,451,91,60,11,99.25,6.85,21,93,13:24:13,06:49:10
E25126,Divya Rattan,46.84,85,Weekend,109,17,52,463,93,60,30,95.75,5.81,37,83,14:53:59,10:15:25
E78515,Falan Chatterjee,10.86,74,Weekday,41,18,13,202,88,15,16,87.34,2.32,13,92,22:35:56,07:07:33
E36738,Falguni Bajwa,46.45,52,Weekend,92,9,49,544,87,60,27,82.45,3.14,60,92,20:02:49,06:22:36
E97096,Jhalak Singhal,7.58,74,Weekend,88,20,53,260,81,15,30,70.05,6.59,59,97,13:55:06,17:13:24
E39563,Yatin Nagy,55.13,95,Holiday,117,13,58,401,86,60,13,71.77,2.6,53,85,18:14:45,06:33:32
E34507,Wakeeta Modi,57.94,97,Holiday,50,14,12,319,88,60,15,65.2,6.26,26,83,10:35:40,12:06:14
E53327,Priya Nigam,30.65,59,Weekday,54,13,48,126,89,30,25,82.01,1.66,55,93,22:01:06,15:34:52
E78864,Isaac Sood,17.1,61,Holiday,43,20,42,181,93,60,24,76.14,4.14,23,93,10:41:45,01:37:43
E53393,Tanish Tailor,24.84,63,Holiday,102,15,45,521,80,15,28,73.84,3.16,51,90,21:27:43,08:26:00
E15226,Noah Chaudhuri,42.54,70,Weekend,49,14,26,376,89,15,23,92.88,4.37,42,97,11:10:24,06:56:51
E73806,Kamya Guha,7.41,91,Weekday,76,16,15,585,83,15,24,81.33,6.64,23,89,17:44:27,04:31:15
E99837,Arin Jain,28.33,56,Weekday,103,21,54,549,93,60,9,89.88,2.38,39,93,00:44:12,04:59:40
E14965,Gautam Baral,9.81,53,Weekday,67,16,14,394,87,30,20,75.52,6.67,37,93,10:28:48,10:50:35
E12213,Jonathan Bava,26.42,57,Holiday,35,18,56,416,82,60,25,61.82,8.63,32,86,15:56:12,05:50:43
E47989,Vasana Manne,48.28,69,Holiday,46,12,58,574,94,30,19,92.88,1.28,20,90,12:31:45,09:06:02
E27875,Lipika Tak,46.07,100,Holiday,72,18,19,252,91,15,24,94.99,2.27,12,83,19:53:31,09:32:08
E85067,Aditya Sani,37.82,84,Holiday,45,12,23,483,91,15,20,96.23,8.66,19,88,11:22:22,00:13:05
E34116,Onveer Date,17.14,66,Weekday,49,10,52,509,81,60,21,85.79,1.66,52,85,17:24:45,15:35:16
E42858,Naveen Ghosh,10.4,96,Holiday,97,13,32,165,87,15,16,84.78,9.1,30,98,13:44:45,06:56:22
E69067,Ubika Prabhu,23.06,92,Weekend,109,10,46,390,91,30,20,66.75,3.82,60,90,18:28:37,19:39:32
E93995,Nisha Ramesh,28.99,73,Weekday,77,15,39,328,91,30,22,82.07,2.58,48,85,19:15:35,03:23:23
E46780,Wahab Bansal,52.23,58,Holiday,60,12,56,553,82,60,9,95.68,8.65,50,83,15:22:48,13:00:56
E86269,Jacob Lal,36.84,99,Holiday,62,8,45,233,95,60,11,74.63,3.01,59,92,18:43:36,02:11:23
E27548,Ishita Dhillon,30.56,82,Weekday,85,13,42,105,87,60,28,66.63,5.63,38,88,10:14:23,10:29:59
E33480,Joshua Kari,36.15,86,Holiday,53,19,56,347,91,15,14,90.46,3.09,26,94,10:38:02,04:49:44
E40673,Timothy Das,7.35,63,Holiday,81,14,40,569,94,15,8,99.22,3.92,55,91,07:36:39,14:00:21
E44513,Kai Khalsa,36.82,86,Weekday,83,18,34,287,82,60,15,75.05,9.17,43,95,14:32:58,12:12:01
E56255,Ranveer Chopra,49.95,72,Weekend,96,17,10,356,84,30,12,69.2,5.63,27,89,06:04:41,15:27:30
E20828,Odika Baria,15.28,73,Holiday,50,18,24,312,90,60,10,79.26,5.31,23,88,15:08:38,05:32:03
E88986,Om Sunder,50.84,51,Weekday,40,10,46,403,85,15,27,80.51,9.02,19,84,02:38:40,06:54:52
E97973,Onveer Chana,19.2,61,Holiday,86,17,46,426,80,60,30,86.47,3.55,15,89,04:52:29,04:25:00
E60181,Kalpit Sethi,38.36,80,Weekend,56,11,36,407,84,60,12,84.93,5.6,20,93,09:55:48,18:17:07
E62171,Chatura Shanker,37.81,54,Weekday,83,14,18,155,80,15,23,94.38,5.54,36,87,02:46:12,05:18:40
E68493,Rishi Menon,10.3,80,Holiday,111,8,60,372,83,15,22,86.38,9.12,44,83,08:24:35,17:10:13
E97535,Pratyush Bose,40.71,83,Weekend,82,21,12,457,93,15,22,91.58,4.43,47,86,18:33:37,19:05:21
E76683,Warinder Agarwal,12.36,80,Weekday,45,12,48,548,93,30,13,60.22,7.69,10,86,07:39:41,10:56:56
E90209,Champak Atwal,5.4,91,Weekday,75,14,33,154,84,30,27,83.41,3.35,44,96,20:28:23,18:39:59
E68979,Ekanta Chakraborty,25.11,67,Holiday,85,20,23,311,95,15,18,82.36,5.35,29,94,06:43:13,18:34:39
E49862,Pranav Keer,45.47,92,Weekday,64,15,60,458,85,15,13,80.33,8.07,45,84,05:56:17,20:36:44
E91922,Dayamai Mandal,26.4,90,Weekday,46,21,19,341,93,15,9,70.52,4.34,48,84,06:29:44,15:18:43
E13718,Tanmayi Badal,56.19,75,Holiday,118,16,28,464,81,15,27,79.77,1.1,52,92,16:36:48,11:30:16
E94136,Qarin Tandon,6.85,88,Holiday,101,19,24,414,85,60,8,74.39,6.9,20,85,15:24:00,09:38:53
E50970,Niharika Saini,47.88,72,Holiday,85,14,47,202,80,60,29,62.74,1.81,28,94,16:14:33,16:22:49
E68929,Balendra Mahal,57.98,67,Weekday,112,11,39,576,92,60,7,70.44,4.66,16,85,03:48:27,21:29:28
E75308,Alexander Sood,21.18,57,Holiday,67,16,60,394,88,60,21,98.64,6.07,59,90,23:29:11,19:07:33
E16624,Zinal Prabhu,57.87,79,Holiday,93,17,11,346,83,30,9,75.31,8.1,24,90,16:24:48,09:11:34
E57964,Rudra Handa,27.68,72,Holiday,103,8,54,526,88,15,16,63.72,7.06,31,85,08:18:07,19:46:57
E26864,Faris Mutti,56.23,80,Weekend,80,11,46,237,85,60,28,97.21,2.71,57,89,08:48:48,17:14:46
E27961,Ishanvi Gade,45.45,66,Weekday,64,11,25,528,91,15,10,64.8,1.71,52,98,23:46:33,08:29:19
E87820,Ishita Grover,5.36,84,Weekday,96,13,49,261,95,60,15,79.63,9.86,42,91,22:48:58,21:34:05
E92478,Diya Loke,17.22,86,Weekday,41,16,37,344,81,60,18,75.75,7.18,21,97,08:47:22,23:46:53
E29369,Adweta Ramaswamy,43.4,79,Weekend,36,8,53,207,92,60,10,73.02,6.52,26,88,05:59:10,04:51:12
E75774,Hritik Sha,19.46,67,Weekend,113,13,33,194,95,30,13,76.76,7.77,33,95,11:39:50,00:34:39
E32699,Kai Prakash,29.79,86,Weekday,108,18,24,516,83,60,15,92.16,6,34,89,08:26:55,11:23:17
E39473,Chakrika Swaminathan,49,97,Weekday,95,20,10,190,93,30,11,99.82,8.64,43,93,19:34:20,14:14:35
E47721,Samesh Swaminathan,21.5,85,Holiday,41,14,16,453,85,15,13,92.55,5.29,50,86,21:04:45,01:00:02
E95979,Jackson Karpe,45.95,66,Weekend,81,16,45,577,88,30,7,76.47,4.16,53,89,20:13:55,23:23:04
E97796,Tristan Sankaran,36.67,91,Holiday,57,20,28,281,90,60,23,79.5,7.63,15,95,03:02:04,14:39:20
E63334,Nachiket Sami,20.76,90,Weekday,56,18,31,315,92,15,9,66.48,3.05,30,92,17:10:39,17:39:39
E80143,Wishi Pillai,38.3,75,Weekend,91,20,33,482,94,30,12,67.36,1.21,56,90,23:55:56,07:05:57
E11214,Bina Lanka,18.84,97,Holiday,45,11,20,303,83,15,9,97.47,5.26,13,83,13:49:05,21:57:53
E62037,Nitesh Srivastava,33.82,55,Weekday,68,17,19,143,92,30,14,69.9,3.56,50,87,18:41:23,04:51:01
E27206,Naveen Mital,33.97,60,Weekday,39,18,32,540,90,30,21,99,5.87,27,97,21:02:05,03:30:03
E27709,Vihaan Chakraborty,58.32,94,Holiday,57,17,48,333,93,60,27,85.58,3.79,32,98,07:28:12,12:04:10
E80735,Karan Basak,17.49,55,Weekend,74,13,36,233,84,30,7,60,8.34,18,94,06:42:21,19:17:55
E47586,Chameli Mani,30.81,50,Holiday,97,20,40,253,80,30,16,83.88,8.17,45,94,07:10:22,21:10:45
E34716,Vincent Jhaveri,27.65,85,Weekend,85,11,20,466,92,30,14,70.52,4.8,25,91,04:36:07,02:05:44
E47313,Samesh Lata,40.67,84,Weekend,87,11,14,193,84,30,10,85.48,6.56,27,98,12:29:17,05:15:58
E34613,Anmol Agrawal,22.64,59,Weekday,103,8,21,597,83,30,15,65,4.95,10,90,16:18:25,18:54:11
E21822,Bishakha Yadav,13.29,81,Weekday,78,14,29,502,95,30,21,87.88,1.29,15,87,14:07:41,16:06:28
E17345,Meera Ray,19.66,75,Weekday,104,15,21,198,88,30,7,64.88,7.91,25,95,20:37:05,05:42:39
E68059,Ekanta Doctor,18.59,52,Weekday,93,19,59,148,86,30,19,87.26,3.81,30,88,08:25:34,10:10:53
E92465,Kashvi Sawhney,45.05,97,Holiday,101,9,26,346,89,15,18,95.5,8.77,23,86,02:39:42,13:00:52
E40928,Peter Mall,39.81,70,Weekday,56,20,27,399,83,30,14,60.36,1.38,60,98,00:45:54,12:43:25
E88146,Vanya Rama,13.52,99,Weekday,66,10,41,146,90,60,8,62.39,6.8,54,86,05:48:28,07:42:11
E26492,Ekbal Pant,31.83,70,Holiday,117,20,32,512,94,60,13,60.85,4.4,56,87,05:01:12,14:37:34
E42859,Utkarsh Toor,54.43,81,Holiday,91,16,28,377,95,15,25,67.47,4.13,56,97,10:28:12,19:42:47
E46087,Radha Oza,52.72,88,Holiday,55,9,43,179,94,30,15,81.66,5.09,59,95,12:07:21,11:14:01
E34318,Praneel Zachariah,53.56,89,Weekend,114,11,30,469,82,60,24,92.76,2.71,53,98,14:32:51,18:33:36
E82281,Saksham Chaudhuri,13.48,68,Weekend,87,18,30,156,83,60,28,62.67,8.52,18,88,11:02:10,19:31:14
E14099,Samaksh Natt,16.11,81,Weekday,47,8,46,428,92,60,22,81.03,7.31,26,84,17:12:16,09:58:27
E58018,Oni Raman,17.14,95,Weekday,36,11,51,351,82,30,27,62.43,6.02,36,94,18:14:30,02:09:32
E17641,Vasatika Kaur,50.3,67,Holiday,40,19,14,527,89,15,13,98.42,1.87,56,90,23:16:24,08:52:58
E79685,Abha Tailor,26.19,62,Holiday,119,11,46,420,85,60,30,82.33,7.71,59,94,16:04:24,06:37:26
E98407,Theodore Suri,30.23,92,Weekend,48,10,60,192,92,60,17,86.3,5.81,48,97,19:43:49,22:37:01
E56179,Jagat Konda,54.64,85,Weekend,82,14,58,424,93,60,17,84.34,6.07,23,95,09:45:29,06:36:21
E82120,Ridhi Borde,55.94,66,Weekend,92,15,35,100,81,30,26,60.65,2.22,29,83,06:57:34,05:51:56
E49365,Dhriti Vyas,59.14,63,Weekend,37,20,54,521,88,60,23,82.25,9.33,19,86,10:07:05,15:05:28
E14946,Vincent Chad,30.32,59,Weekday,68,13,47,227,87,30,16,63.68,4.6,23,85,08:03:58,17:50:13
E52558,Widisha Wable,48.61,61,Weekend,108,21,16,404,89,15,30,92.33,4.43,59,84,16:18:23,15:27:01
E53829,Ayushman Kalita,24.14,77,Weekend,50,21,59,216,80,60,27,75.3,3.74,12,93,19:51:09,19:00:38
E80769,Ishaan Tailor,36.07,70,Holiday,63,10,13,444,92,30,26,83.01,1.81,37,92,16:10:06,13:35:21
E61684,Jeevika Vohra,13.14,71,Weekday,95,17,57,125,92,30,9,75.94,4.91,54,87,14:31:26,06:54:54
E27677,Chatresh Bhatnagar,31.45,62,Weekend,85,18,46,200,87,15,9,70.65,4.87,53,85,18:02:53,19:34:01
E24749,Panini Parekh,41.95,77,Weekend,79,11,30,276,80,30,12,99.51,6.55,38,87,10:34:22,22:11:27
E67732,Chavvi Varty,7.47,64,Weekday,82,10,58,472,82,15,30,62.18,9.54,19,92,21:17:33,23:58:38
E11800,Janaki Raj,23.88,57,Weekend,92,15,11,269,86,60,24,68.48,5.92,58,91,14:54:23,00:07:53
E81932,Niharika Sarraf,31.57,96,Weekday,120,8,34,398,81,30,12,62.4,2.81,54,91,09:37:58,15:03:17
E16957,Sudiksha Sarin,30.57,50,Weekday,84,18,27,439,91,15,7,71.7,8.95,34,90,16:33:01,04:54:50
E59899,Ikshita Merchant,32.97,95,Weekday,75,15,48,372,82,15,13,80.03,5.12,55,83,18:42:05,13:29:41
E15210,Zaid Bains,18.61,83,Weekend,77,15,35,481,85,15,18,87.37,4.2,29,90,00:11:37,08:56:01
E75700,Abdul Kumer,20.17,53,Holiday,67,14,11,583,88,15,11,73.67,4.54,18,85,09:27:32,17:50:58
E60096,Zaid Chander,33.64,93,Holiday,115,18,24,313,87,60,11,77.06,3.81,48,93,06:59:03,18:00:49
E20828,Odika Baria,34.82,63,Holiday,52,17,44,450,86,15,16,87.54,9.09,18,96,05:33:20,21:06:37
E88986,Om Sunder,41.09,86,Weekday,75,9,45,372,83,15,17,93.58,2.31,11,93,21:19:29,13:25:18
E97973,Onveer Chana,57.87,69,Weekend,116,19,27,177,86,15,11,67.39,7.86,49,91,08:29:37,14:28:32
E60181,Kalpit Sethi,36.19,64,Holiday,64,11,53,113,91,15,29,91.19,2.21,48,98,04:49:46,01:12:01
E62171,Chatura Shanker,25.57,74,Weekend,95,10,20,198,87,15,20,90.58,1.14,27,96,12:19:11,21:53:56
E68493,Rishi Menon,45.83,62,Weekday,43,10,38,543,95,60,17,94.67,8.99,37,95,13:12:06,04:03:46
E97535,Pratyush Bose,38.44,74,Holiday,75,14,49,580,81,60,10,78.06,8.44,12,90,17:33:10,11:31:00
E76683,Warinder Agarwal,34.58,97,Weekday,106,14,43,491,81,15,16,77.58,8.96,59,92,12:18:37,12:32:00
E90209,Champak Atwal,14.16,68,Holiday,41,19,43,562,84,30,27,78.07,7.5,17,88,06:31:03,14:25:48
E68979,Ekanta Chakraborty,56.58,94,Holiday,52,14,36,265,94,15,12,78.15,9.07,22,97,04:51:41,05:42:46
E49862,Pranav Keer,18.75,94,Holiday,55,19,56,163,82,15,29,77.98,4.27,43,95,23:19:56,08:18:38
E91922,Dayamai Mandal,38.66,60,Weekend,105,14,12,493,85,30,25,94.85,8.76,20,87,08:47:35,06:33:39
E13718,Tanmayi Badal,47.3,53,Weekend,74,12,56,493,94,30,27,67.23,9.09,22,83,21:22:42,05:23:37
E94136,Qarin Tandon,47.1,50,Weekend,98,21,41,378,80,60,22,69.52,6.3,40,97,21:41:23,08:44:22
E50970,Niharika Saini,29.3,88,Holiday,35,11,45,242,86,15,12,65.93,6.88,12,87,07:24:33,14:41:59
E68929,Balendra Mahal,41.68,88,Weekend,77,9,13,155,93,15,12,86.88,6.5,54,88,22:29:51,18:47:37
E75308,Alexander Sood,46.21,73,Weekday,46,20,29,265,91,30,9,90.34,8.59,14,92,03:27:50,10:18:55
E16624,Zinal Prabhu,12.4,94,Weekend,77,16,36,368,86,60,13,84.48,1.98,56,85,10:34:30,01:13:40
E57964,Rudra Handa,44.82,88,Holiday,71,14,48,534,90,30,23,83.01,6.61,18,98,05:39:55,13:37:55
E26864,Faris Mutti,45.11,81,Weekend,58,17,24,462,89,15,7,64.73,5.18,60,86,22:52:50,19:28:30
E27961,Ishanvi Gade,48.98,76,Weekend,40,13,32,386,86,15,27,68.05,3.53,60,85,13:40:12,06:01:44
E87820,Ishita Grover,21.52,85,Weekend,35,9,53,270,90,30,30,82.76,9.64,21,89,15:06:56,09:36:11
E92478,Diya Loke,50.86,93,Weekend,95,20,12,430,84,30,11,85.09,9.03,44,93,02:58:40,20:32:13
E29369,Adweta Ramaswamy,48.12,76,Holiday,42,21,43,253,90,60,24,60.75,6.2,31,94,19:50:21,16:38:46
E75774,Hritik Sha,58.33,67,Weekday,78,14,50,373,85,60,26,75.58,6.36,60,92,20:25:13,23:39:19
E32699,Kai Prakash,44.04,67,Weekend,46,15,25,290,94,30,13,81,2.58,33,84,20:29:54,13:37:33
E39473,Chakrika Swaminathan,55.23,78,Holiday,38,20,40,563,84,15,17,96.95,7.59,43,92,13:48:30,06:09:28
E47721,Samesh Swaminathan,12.88,56,Holiday,51,11,56,118,94,30,29,94.59,2.04,29,84,09:12:28,20:20:28
E95979,Jackson Karpe,52.95,71,Weekend,40,9,43,492,89,15,25,90.34,6.75,23,93,00:10:53,06:00:05
E97796,Tristan Sankaran,15.59,67,Holiday,75,20,38,443,83,30,11,66.3,2.03,49,86,11:09:24,08:28:31
E63334,Nachiket Sami,34.84,85,Weekend,69,10,55,511,89,60,14,66.85,3.8,31,97,11:12:19,13:50:04
E80143,Wishi Pillai,12.15,80,Holiday,41,9,34,127,82,30,19,67.16,6.37,47,97,03:13:24,18:17:52
E11214,Bina Lanka,24.56,71,Weekday,120,20,44,140,94,60,11,63.72,8.22,54,97,05:53:37,09:03:54
E22748,Parth Barman,30.06,93,Holiday,94,15,24,585,87,15,26,70.32,4.27,21,93,06:56:02,10:38:35
E52567,Aradhana Chakrabarti,29.93,51,Weekday,95,9,32,345,94,15,16,90.72,6.44,18,86,23:50:32,01:57:43
E63174,Janya Sathe,49.97,100,Weekday,76,16,51,136,89,60,21,76.03,4.72,49,90,15:02:28,09:41:11
E81820,Anmol Divan,13.75,80,Weekend,43,13,23,516,93,30,25,91.49,5.9,25,88,08:19:53,00:53:56
E96849,Geetika Ghose,41.83,97,Holiday,108,21,41,158,94,30,24,63.91,5.01,29,95,11:50:56,14:02:34
E19123,Azad Wagle,37.9,93,Holiday,83,13,41,430,81,15,13,92.68,8.99,58,83,15:08:00,14:48:21
E29231,Yashoda Dubey,41.35,78,Holiday,72,14,49,395,94,15,13,87.26,3.85,46,92,05:13:20,22:42:48
E66980,Thomas Suri,44.48,72,Weekday,109,8,49,361,92,15,16,62.5,9.11,13,83,00:48:11,03:27:48
E83404,Hitesh Kanda,50.14,72,Weekday,71,21,11,220,93,60,25,75.77,3.86,34,95,15:09:35,22:47:02
E60012,Vincent Chaudhuri,28.94,63,Holiday,57,15,18,196,92,30,20,66.17,9.98,52,87,01:18:42,22:22:58
E27600,Bahadurjit Pai,5.64,91,Weekday,53,19,41,436,93,15,9,65.49,8.25,39,96,03:24:35,08:25:36
E91690,Chandran Rao,14.89,82,Weekend,105,21,38,296,91,15,12,76.99,1.07,41,90,14:20:23,22:37:04
E75762,Kabir Chandra,19.81,84,Holiday,81,8,12,390,95,60,18,64.53,5.33,54,85,00:48:40,04:58:34
E28623,Oeshi Ghosh,45.16,83,Weekend,94,16,15,367,82,15,22,85.23,6.97,52,85,04:55:37,05:21:20
E99662,Ranveer Purohit,39.85,87,Weekend,113,8,31,373,80,30,21,80.51,5.22,56,93,10:45:42,19:31:35
E65183,Sai Memon,24.41,68,Weekend,56,8,54,572,89,60,25,70.42,6.66,47,88,05:54:19,11:14:05
E85085,Nisha Menon,7.84,68,Holiday,114,8,28,348,82,15,23,63.07,8.05,26,87,02:02:54,03:44:31
E90713,Robert Parmar,20.45,66,Weekday,49,17,21,565,84,60,21,74.79,2.58,60,90,21:46:28,02:00:51
E73559,Triya Konda,14.94,83,Weekday,78,9,19,404,84,30,20,90.81,3.14,38,88,13:23:03,17:49:05
E37637,Ekta Nagi,36.78,72,Weekday,117,12,58,519,83,15,12,78.56,5.29,40,90,10:28:27,01:54:34
E59781,Yashvi Acharya,42.59,74,Weekend,68,10,43,545,93,15,16,97.09,5.04,53,93,14:04:56,11:52:11
E79501,Oliver Sekhon,42.56,52,Weekday,103,18,32,589,93,60,27,94.33,4.01,27,86,07:50:43,06:53:51
E43468,Sneha Kota,40.99,75,Weekend,65,19,53,401,86,60,17,87.11,9.94,30,83,13:47:04,09:22:59
E98185,Onkar Choudhary,5.47,54,Weekday,87,9,43,153,94,30,14,89.01,3.27,12,83,07:04:34,23:37:03
E91185,Laksh Bala,10.06,88,Holiday,62,17,50,162,83,15,26,65.2,6.91,51,88,16:53:28,02:00:55
E24528,Jyoti Gole,43.26,66,Weekend,94,18,14,427,94,30,20,87.69,7.01,59,93,04:15:10,09:06:36
E43729,Atharv Brar,13.91,54,Weekend,42,14,34,270,81,30,15,67.12,1.62,22,95,19:42:58,02:31:01
E33388,Bhavika Dhar,40.5,56,Weekday,104,20,37,211,83,30,29,70.36,1.31,14,91,21:32:02,08:53:57
E68442,Avi Kata,6.03,81,Weekday,118,18,10,577,81,60,19,70.66,7.3,35,83,16:58:07,09:11:50
E77552,Thomas Kara,43.92,99,Weekend,96,14,35,532,82,60,14,60.13,9.59,59,98,12:47:46,19:23:05
E25886,Maya Peri,36.2,72,Weekend,73,14,13,423,82,30,24,94.13,4.06,39,92,06:36:12,11:49:27
E94907,Edhitha Gokhale,16.17,85,Weekday,84,18,22,253,92,15,27,87.55,5.38,50,97,17:36:33,21:56:21
E34833,Yashica Guha,12.7,62,Weekday,110,11,41,299,82,60,27,72.31,5.81,38,83,20:48:05,02:59:37
E14855,Vaishnavi Subramanian,23.66,71,Holiday,40,14,17,208,94,60,24,65.96,6.21,14,84,00:47:11,06:51:27
E28558,Anusha Sule,31.89,51,Weekend,114,8,25,459,84,15,12,85.31,9.14,60,86,04:05:17,14:16:28
E69793,Mahika Mani,38.62,87,Weekday,48,9,41,404,87,15,13,77.05,8.3,57,95,01:38:04,19:05:20
E52498,Hemal Bhatnagar,11.64,93,Holiday,104,10,30,528,86,15,25,66.94,1.57,27,87,07:42:54,20:57:39
E64415,Dhriti Biswas,14.24,73,Holiday,56,15,25,573,81,15,10,91.64,6.69,34,88,04:14:42,18:57:12
E12048,Yagnesh Balakrishnan,53.38,55,Weekday,35,10,15,461,89,30,29,92.3,7.95,54,87,18:02:20,16:12:43
E37021,Indira Sen,12.87,67,Holiday,92,14,25,580,85,60,29,61.5,2.62,41,85,07:54:55,10:49:58
E92207,Girik Kuruvilla,50.46,69,Weekend,88,8,45,220,86,15,23,99.07,6.57,58,90,00:13:22,00:03:10
E70845,Yamini Mangat,47.37,92,Weekday,70,8,22,157,84,60,22,79.9,2.44,12,84,21:40:33,10:47:43
E94523,Zinal Gandhi,25.03,63,Weekend,67,13,49,512,94,15,10,89.62,9.32,21,88,14:49:20,06:43:59
E13809,Vrishti Ram,31.68,57,Weekday,65,19,38,403,90,30,13,89.88,9.09,24,86,15:36:16,01:33:56
E52746,Nihal Char,17.53,65,Holiday,87,21,22,292,87,15,22,83.4,1.49,37,87,08:16:01,12:22:55
E38333,Nachiket Prabhakar,56.03,79,Weekday,84,13,18,334,86,60,18,99.02,2.82,18,84,01:04:05,14:20:56
E84536,Ladli Minhas,8.28,58,Weekday,94,15,36,187,90,15,16,84.15,8.11,50,88,07:45:30,05:37:09
E85775,Xavier Sani,58.36,64,Weekday,87,21,43,350,86,60,22,93.48,3.51,56,96,02:06:41,22:38:46
E42329,Mohini Sule,18.63,77,Holiday,63,17,19,567,80,30,8,61.6,5.24,59,84,07:25:57,15:46:34
E65797,Pushti Muni,34.21,80,Holiday,47,15,41,223,82,60,7,87.73,4.66,23,87,00:16:19,04:28:15
E56976,Samarth Buch,21.27,91,Weekday,37,15,52,256,85,60,21,94.32,7.73,11,97,06:59:57,11:03:44
E70786,Bachittar Ganesh,47.45,95,Weekend,58,20,33,420,94,60,27,60.05,6.65,34,93,03:23:56,04:01:06
E79588,Theodore Nadkarni,6.8,77,Weekend,113,16,46,506,86,60,9,84.82,4.02,13,94,03:42:09,14:50:57
E16758,Anika Dara,11.1,73,Weekend,114,8,33,287,85,60,24,88.19,6.05,59,89,18:36:26,05:53:18
E28141,Diya Sathe,58.97,65,Holiday,49,18,40,477,86,60,14,72.82,9.08,42,96,07:35:19,10:49:47
E46325,Vedant Mukhopadhyay,8,73,Weekend,92,15,42,369,83,30,29,81.28,8.43,28,97,20:08:17,13:52:12
E91389,Gaurika Bhavsar,25.25,93,Holiday,43,11,39,144,82,30,12,71.53,9.61,16,88,22:09:47,07:54:55
E46168,Hema Raghavan,11.16,59,Weekend,54,21,23,366,80,30,20,98.78,5.87,18,98,12:36:33,20:31:03
E55442,Yamini Khatri,28.11,97,Holiday,37,12,22,132,80,15,23,85.79,4.71,31,93,07:02:33,07:23:29
E73720,Balveer Prakash,37.63,94,Holiday,105,15,39,255,84,30,12,91.57,3.04,33,92,06:10:22,03:37:50
E16202,Lavanya Dash,13.16,68,Weekend,56,17,20,464,89,15,12,93.57,7.24,52,87,03:54:23,08:14:19
E31135,Amol Grewal,18.08,52,Weekend,108,10,38,233,91,15,13,82.5,1.31,30,94,03:04:56,17:07:05
E29391,Nachiket Gaba,25.51,84,Weekday,103,12,17,571,80,30,22,90.74,9.53,30,87,17:54:43,11:57:38
E10562,Abha Das,58.36,84,Holiday,77,18,55,251,95,30,25,86.68,8.2,56,97,17:34:02,13:58:36
E54392,Hemang Dayal,42.9,96,Weekend,40,10,53,382,83,30,7,76.07,8.57,38,94,04:01:20,05:17:08
E22121,Aradhana Tandon,22.95,88,Holiday,59,17,43,213,88,15,7,63.34,8.65,53,85,11:12:51,06:18:56
E77081,Nimrat Kala,26.69,81,Weekend,112,17,42,583,81,60,18,75.9,7.44,37,94,06:01:26,08:25:12
E60608,Hemani Jayaraman,25.51,68,Weekend,79,12,38,547,82,15,30,95.51,7.67,36,97,22:43:54,10:13:45
E47831,Frado Dutt,14.01,96,Weekend,88,10,47,406,82,15,13,72.13,9.9,43,93,15:21:36,18:40:43
E18665,Kavya Chakraborty,56.32,87,Weekend,46,8,36,427,88,30,12,82.23,7.39,58,87,08:40:35,21:39:02
E60012,Vincent Chaudhuri,15.23,74,Weekend,105,15,12,521,89,60,16,79.76,7.66,24,83,12:26:48,17:38:12
E27600,Bahadurjit Pai,13.47,69,Holiday,116,15,17,434,89,30,12,79.68,7.19,25,83,15:34:17,04:14:08
E91690,Chandran Rao,47.06,81,Weekday,111,19,33,397,95,60,20,94.73,6.65,40,86,03:42:06,03:11:55
E75762,Kabir Chandra,33.19,86,Weekday,68,10,47,129,84,30,21,95.13,2.22,20,84,23:57:09,13:32:26
E28623,Oeshi Ghosh,24.86,90,Weekend,41,12,28,371,82,60,13,90.66,2.65,16,88,01:17:59,09:19:03
E99662,Ranveer Purohit,22.74,70,Holiday,73,12,53,457,91,15,24,83.2,8.41,10,87,09:18:10,06:57:43
E65183,Sai Memon,20.48,99,Weekend,87,13,20,152,86,15,23,68.84,2.7,45,86,23:17:30,12:22:24
E85085,Nisha Menon,30.33,54,Weekday,51,8,40,278,89,60,18,65.56,4.98,48,93,12:57:57,20:05:39
E90713,Robert Parmar,44.04,51,Holiday,50,11,18,538,84,60,14,72.3,2.89,15,96,08:36:52,15:44:04
E73559,Triya Konda,9.28,99,Weekend,90,8,22,155,81,60,23,83.73,5.22,26,84,16:47:16,16:06:23
E37637,Ekta Nagi,21.59,50,Weekday,50,17,23,400,86,15,28,74.06,1.82,57,91,00:50:49,04:55:42
E59781,Yashvi Acharya,24.13,60,Holiday,113,11,42,391,82,15,25,90.53,5.76,55,89,17:33:41,12:26:57
E79501,Oliver Sekhon,14.45,98,Holiday,35,19,16,573,86,60,29,78.99,7.28,21,97,23:15:19,01:47:44
E43468,Sneha Kota,57.68,61,Weekend,83,14,23,363,87,30,10,90.46,3.83,39,86,13:26:12,12:40:19
E98185,Onkar Choudhary,12.48,98,Weekend,71,16,56,120,82,30,22,64.63,3.55,48,92,09:00:04,15:14:13
E91185,Laksh Bala,17.42,76,Weekend,89,11,14,558,95,60,18,67.17,9.99,41,86,04:01:57,15:39:52
E24528,Jyoti Gole,29.09,92,Holiday,45,9,19,302,92,60,25,99.1,7.67,20,85,02:33:33,04:48:07
E43729,Atharv Brar,58.64,71,Weekday,111,21,35,162,87,30,30,79.96,7.88,59,91,21:16:53,01:58:55
E33388,Bhavika Dhar,56.88,72,Weekend,120,17,35,348,88,15,21,64.32,3.26,41,90,14:31:33,03:19:31
E68442,Avi Kata,56.83,51,Weekday,41,21,14,355,80,15,19,84.18,3.94,29,86,12:40:35,17:11:03
E77552,Thomas Kara,41.36,83,Weekend,94,11,28,438,95,30,23,70.47,4.09,44,83,04:56:01,03:31:45
E25886,Maya Peri,59.49,57,Weekend,92,13,34,326,94,15,8,67.07,6.93,59,92,23:12:51,13:35:02
E94907,Edhitha Gokhale,32.03,58,Weekend,84,15,58,156,95,60,24,87.41,6.15,40,88,08:01:14,15:47:00
E34833,Yashica Guha,8.07,66,Weekend,110,14,49,446,91,30,17,62.46,6.31,18,94,00:59:49,12:49:09
E14855,Vaishnavi Subramanian,49.53,87,Weekday,115,13,34,149,93,30,18,76.48,1.51,25,90,09:05:17,10:20:48
E28558,Anusha Sule,40.64,87,Weekday,43,21,29,158,90,15,7,81.54,1.34,52,96,17:15:26,18:17:32
E69793,Mahika Mani,33.31,76,Weekend,37,19,40,401,80,30,19,82.81,3.9,16,98,11:17:33,03:52:45
E52498,Hemal Bhatnagar,43,63,Weekend,98,16,58,441,90,15,26,71.98,9.72,22,98,20:47:31,01:53:22
E64415,Dhriti Biswas,51.6,100,Weekday,103,11,28,235,81,30,25,76.08,3.03,57,85,03:59:50,01:59:13
E12048,Yagnesh Balakrishnan,10.21,71,Weekend,43,17,43,343,93,15,18,91.83,6.86,29,92,03:09:30,00:42:22
E37021,Indira Sen,41.49,70,Weekday,88,14,26,419,94,60,24,67.22,1.17,55,88,07:27:38,00:58:08
E92207,Girik Kuruvilla,32.46,92,Holiday,94,12,50,372,93,60,30,85.07,5.7,33,97,15:46:51,02:00:07
E70845,Yamini Mangat,18.22,97,Holiday,73,21,37,310,90,15,27,68.14,4.71,28,88,07:07:33,23:34:39
E94523,Zinal Gandhi,42.78,65,Weekend,65,9,19,198,80,15,16,78.57,6.04,37,96,10:43:20,08:49:45
E13809,Vrishti Ram,54.81,62,Weekday,69,10,11,232,88,60,24,67.04,8.67,56,98,07:40:45,02:38:09
E52746,Nihal Char,8.04,55,Weekend,112,12,14,561,93,30,28,86.3,1.81,56,87,14:04:14,03:17:52
E38333,Nachiket Prabhakar,11.16,97,Holiday,50,16,52,524,88,30,9,69.52,2.1,30,93,00:39:49,19:15:27
E84536,Ladli Minhas,45.55,97,Holiday,65,14,23,173,83,15,13,98.8,4.96,26,84,23:15:22,21:20:32
E85775,Xavier Sani,34.34,94,Weekday,75,16,37,343,87,30,11,74.52,7.44,29,83,19:59:07,04:19:07
E42329,Mohini Sule,58.17,88,Weekday,119,20,13,453,87,30,24,75.39,6.75,54,94,07:43:55,01:52:57
E65797,Pushti Muni,11.71,65,Weekend,84,8,35,574,88,30,9,97.45,7.81,29,89,18:04:03,19:07:55
E31001,Gagan Bose,55.37,90,Weekend,117,14,60,117,88,15,22,78.84,4.72,31,96,13:34:16,20:10:07
E23159,Yashica Parmar,50.34,94,Weekend,99,9,32,315,90,30,29,61.09,1.47,51,88,05:27:09,17:55:47
E92595,Ekanta Patil,29.39,91,Weekday,35,14,22,421,89,30,25,63.29,2.42,43,87,00:21:39,15:40:37
E87858,Oliver Pathak,42.72,100,Weekend,92,15,57,168,88,15,28,83.72,3.95,28,89,05:49:30,15:40:45
E21062,Rachita Kaur,27.8,61,Weekend,83,21,46,214,80,15,24,85.88,6.64,15,97,18:08:09,11:25:41
E35987,Ishita Bora,19.4,60,Weekday,86,17,37,407,88,15,9,98.32,2.53,46,86,20:26:01,01:55:15
E11850,Vritti Dass,44.52,77,Weekend,98,9,24,465,86,15,15,71.52,5.45,18,96,09:10:36,08:18:01
E37080,Charita Vora,38,68,Holiday,59,14,21,309,84,15,16,99.05,3.12,38,90,00:11:05,00:39:00
E60012,Vincent Chaudhuri,37.06,91,Weekend,45,8,40,168,90,60,19,87.47,7.42,55,96,03:31:13,01:27:37
E27600,Bahadurjit Pai,19.09,56,Holiday,42,8,31,576,87,30,18,99.87,9.45,48,84,06:50:40,06:59:50
E91690,Chandran Rao,18.95,89,Weekend,73,14,52,289,84,60,8,83.22,3.34,42,98,12:12:29,13:02:05
E75762,Kabir Chandra,53.28,58,Weekday,75,19,43,321,84,30,10,72.53,9.81,41,91,10:50:12,02:25:40
E28623,Oeshi Ghosh,55.94,68,Weekend,113,21,58,574,88,60,17,77.43,2.48,57,98,10:52:13,16:20:18
E99662,Ranveer Purohit,35.56,92,Holiday,91,8,22,176,81,15,12,61.43,3.34,55,97,03:16:25,19:14:05
E65183,Sai Memon,11.38,81,Weekday,91,13,55,387,95,30,22,64.5,7.48,19,86,07:20:07,15:04:12
E85085,Nisha Menon,10.15,68,Weekday,56,19,42,521,88,60,28,83.43,6.25,10,88,01:57:33,17:00:17
E90713,Robert Parmar,55.62,65,Weekend,47,13,11,245,83,30,18,83.61,9.56,30,87,07:36:59,02:12:03
E73559,Triya Konda,9.46,95,Holiday,96,15,50,589,88,60,28,60.23,9.73,51,97,19:20:37,01:38:09
E37637,Ekta Nagi,57.11,96,Holiday,51,11,13,510,89,30,8,89.75,5.92,48,95,08:57:23,05:23:26
E59781,Yashvi Acharya,26.94,61,Weekday,86,9,11,536,86,15,19,91.18,3.56,58,87,09:21:32,15:38:18
E79501,Oliver Sekhon,21.42,77,Holiday,74,18,48,167,91,60,10,93.28,5.61,41,97,07:45:10,21:52:13
E43468,Sneha Kota,31.2,86,Holiday,89,9,58,316,91,60,12,77.36,4.83,12,93,07:55:26,02:52:26
E98185,Onkar Choudhary,42.2,91,Holiday,54,15,43,422,82,30,21,77.49,9.16,40,92,01:30:59,13:09:34
E91185,Laksh Bala,59.13,93,Weekend,66,16,37,251,81,60,9,96.69,5.62,42,96,01:14:48,03:57:13
E24528,Jyoti Gole,10.2,92,Holiday,107,21,26,281,88,60,9,90.75,1.15,57,97,19:41:53,15:41:06
E43729,Atharv Brar,48.24,75,Weekday,45,14,55,252,90,60,30,78.2,7.03,49,91,01:24:17,17:19:19
E33388,Bhavika Dhar,58.17,61,Weekday,58,9,57,409,88,60,10,77.35,1.16,35,86,19:49:49,07:07:00
E68442,Avi Kata,14.45,80,Weekend,86,21,52,594,95,30,26,92.53,6.55,54,95,15:15:49,11:59:32
E77552,Thomas Kara,9.82,58,Weekday,59,9,11,456,86,15,13,79.24,2.31,25,96,17:44:21,11:41:52
E25886,Maya Peri,52.2,84,Weekday,46,12,59,337,84,30,20,60.87,2.49,19,97,07:17:18,16:07:54
E94907,Edhitha Gokhale,30.93,78,Holiday,66,11,28,391,92,15,17,60.31,6.67,55,96,03:15:18,18:17:02
E34833,Yashica Guha,51.67,97,Holiday,111,19,45,248,81,30,19,79.44,6.32,49,98,13:51:55,05:01:23
E14855,Vaishnavi Subramanian,44.29,83,Weekday,89,17,30,383,82,30,27,76.69,5.26,41,94,16:03:19,16:02:00
E28558,Anusha Sule,43.36,51,Weekday,71,19,22,340,91,30,14,80.31,6.29,53,93,17:39:44,01:24:48
E69793,Mahika Mani,51.94,95,Holiday,94,10,28,470,92,30,28,86.1,4.24,40,88,15:17:45,20:46:15
E52498,Hemal Bhatnagar,16.4,94,Holiday,46,18,40,166,85,15,12,84.23,1.91,36,98,16:35:37,13:15:47
E64415,Dhriti Biswas,17.91,85,Weekday,37,13,26,282,85,15,23,61.28,1.57,37,86,06:39:31,11:14:41
E12048,Yagnesh Balakrishnan,17.47,85,Weekday,97,12,31,501,91,15,24,70.7,2.36,54,86,18:09:52,06:41:27
E37021,Indira Sen,55.96,78,Weekend,49,9,60,412,83,60,8,80.29,2.5,17,89,13:21:30,22:59:52
E92207,Girik Kuruvilla,13.64,68,Holiday,91,20,42,355,83,15,27,74.55,8.37,17,89,05:40:17,18:28:22
E70845,Yamini Mangat,58.33,99,Weekday,66,21,40,274,89,60,12,63.41,4.35,58,96,21:46:26,12:00:01
E94523,Zinal Gandhi,39.62,65,Weekday,102,14,60,216,84,30,20,96.72,9.08,43,94,22:04:46,12:59:51
E13809,Vrishti Ram,29.34,99,Weekday,101,9,15,273,90,30,12,77.36,4.54,12,87,01:49:22,12:17:44
E52746,Nihal Char,8.18,90,Holiday,119,16,28,314,92,60,29,82.14,3.74,57,93,00:20:10,10:37:40
E38333,Nachiket Prabhakar,5.43,67,Holiday,113,10,54,306,94,60,13,95.5,6.62,49,97,11:35:30,09:11:04
E84536,Ladli Minhas,53.82,100,Holiday,86,20,22,551,89,15,8,81.5,4.51,56,87,11:24:59,06:57:48
E85775,Xavier Sani,59.56,68,Weekday,46,16,45,259,90,60,12,60.94,9.01,44,91,06:39:51,10:01:35
E42329,Mohini Sule,50.77,69,Holiday,89,16,17,474,81,30,15,85.08,4.19,13,86,10:22:09,19:25:32
E65797,Pushti Muni,21.39,97,Weekday,93,13,25,512,87,30,16,71.38,8.06,55,87,06:30:57,17:56:59
E59501,Charita Kari,33.58,65,Weekday,76,16,47,198,91,30,10,65.86,4.83,36,85,06:25:19,04:49:21
E22091,Madhav Dutt,8.42,58,Weekend,62,15,14,289,92,60,24,80.76,4.55,26,98,00:09:23,04:19:09
E93422,Daksha Sundaram,28.29,78,Holiday,97,19,36,521,85,15,23,65.08,7.4,18,86,20:07:38,10:31:51
E37871,Aryan Doshi,30.05,52,Holiday,55,16,33,571,83,60,20,64.41,4.33,28,84,10:58:51,11:56:26
E78521,Vaishnavi Sangha,13.43,73,Weekend,82,12,28,348,80,15,11,91.35,4.8,29,92,02:04:25,22:38:34
E38256,Yochana Loke,15.07,97,Weekend,35,9,45,278,82,15,20,79.25,3.79,38,93,04:27:48,08:36:43
E59454,Jatin Jain,31.14,96,Holiday,51,20,18,358,94,30,28,77.96,8.8,30,85,01:23:18,19:08:59
E91889,Chanakya Chandran,41.55,76,Weekend,64,14,31,376,81,60,21,89.44,6.81,20,83,06:03:37,11:17:57
E84972,Veda Tak,39.66,99,Holiday,74,16,51,163,82,15,26,81.67,7.82,46,89,00:40:55,05:50:06
E72368,Rehaan Chowdhury,32.65,51,Weekday,119,16,21,592,80,30,13,69.81,7.35,47,97,09:18:15,22:34:49
E21094,Bina Dara,49.38,88,Weekend,86,17,12,351,80,30,20,67.22,1.22,43,93,09:52:00,20:02:39
E60070,Triya Mahal,19.14,57,Weekday,104,10,28,173,85,30,9,66.17,9.57,53,88,17:17:38,00:13:50
E17721,Upkaar Narayanan,38.8,70,Weekday,38,19,13,252,92,15,17,65.7,9.04,26,95,21:34:14,00:29:55
E25855,Gabriel Jayaraman,7.85,65,Holiday,110,11,41,360,92,15,15,62.43,5.18,36,85,20:48:39,19:44:22
E73461,Benjamin Rattan,6.59,90,Weekday,37,12,45,593,83,15,24,86.06,2.13,46,96,10:09:15,23:48:11
E68455,Sanya Lala,9.61,90,Holiday,61,20,19,291,85,15,24,98.1,9.65,45,97,00:24:56,20:16:33
E60012,Vincent Chaudhuri,5.06,79,Holiday,72,18,20,100,81,30,15,83.91,8.56,34,94,10:46:23,05:48:15
E27600,Bahadurjit Pai,16.7,82,Weekend,40,10,57,373,82,30,9,75.81,2.11,18,91,21:13:34,17:38:22
E91690,Chandran Rao,16.6,82,Weekend,78,18,26,485,94,30,14,86.49,3.89,23,97,09:00:40,05:56:26
E75762,Kabir Chandra,23.07,94,Weekday,117,8,48,343,80,15,28,66.94,6,54,98,03:52:44,11:29:17
E28623,Oeshi Ghosh,34.6,100,Holiday,118,9,44,115,94,60,10,74.12,8.32,48,94,10:26:27,10:52:07
E99662,Ranveer Purohit,14.75,99,Holiday,36,9,39,289,86,30,7,68.86,1.18,27,94,12:06:56,00:31:01
E65183,Sai Memon,9.95,89,Holiday,73,20,55,213,87,30,18,61.47,5.44,55,89,06:51:27,06:55:40
E85085,Nisha Menon,15.78,90,Weekend,49,21,27,391,95,15,24,67.75,7.65,53,88,13:29:50,02:56:17
E90713,Robert Parmar,37.35,97,Weekday,51,12,46,538,87,60,30,91.29,2.73,53,83,08:29:02,20:10:03
E73559,Triya Konda,34.31,66,Holiday,106,15,10,580,93,60,28,97.72,1.47,30,96,21:28:51,06:12:58
E37637,Ekta Nagi,20.07,93,Holiday,94,15,33,364,81,60,14,61.88,9.27,44,97,19:18:30,04:35:15
E59781,Yashvi Acharya,5.28,62,Weekend,45,17,11,477,87,60,20,98.31,9.25,22,88,04:53:12,13:50:26
E79501,Oliver Sekhon,22.09,90,Holiday,47,8,40,321,80,60,27,97.4,8.56,25,86,07:21:49,15:19:28
E43468,Sneha Kota,18.11,71,Weekday,77,16,60,221,82,60,26,77.54,1.86,38,86,01:30:10,02:27:08
E98185,Onkar Choudhary,58.6,52,Weekend,75,21,54,133,84,15,21,62.19,6.5,37,85,07:29:22,03:34:33
E91185,Laksh Bala,42.27,85,Weekday,72,21,34,305,83,60,20,69.32,6.4,52,83,22:38:28,00:17:44
E24528,Jyoti Gole,26.12,100,Weekend,114,17,16,273,80,30,23,73.13,2.73,16,83,15:33:56,18:54:14
E43729,Atharv Brar,44.23,87,Weekday,108,10,50,360,88,30,20,79.26,6.59,21,90,09:44:36,05:42:54
E33388,Bhavika Dhar,48.84,53,Weekday,74,17,37,362,91,30,25,95.41,7.98,19,98,13:07:03,17:52:21
E68442,Avi Kata,38.18,68,Weekend,36,16,47,436,84,15,14,80.28,8.52,13,96,10:25:27,13:22:37
E77552,Thomas Kara,15.75,62,Holiday,60,20,14,274,86,60,22,87.79,9.84,48,93,22:55:22,00:40:37
E25886,Maya Peri,36.14,71,Holiday,73,14,31,183,83,30,8,79.84,9.28,50,90,19:24:08,18:09:36
E94907,Edhitha Gokhale,30.66,63,Weekday,96,19,59,587,90,60,19,68.21,2.66,10,94,14:57:11,19:31:39
E34833,Yashica Guha,9.06,51,Holiday,49,10,28,325,86,60,25,96.51,4.24,11,89,07:19:23,11:41:02
E14855,Vaishnavi Subramanian,20.63,64,Weekend,57,13,45,225,85,15,7,67.04,3.36,16,83,18:57:21,18:16:00
E28558,Anusha Sule,12.55,91,Weekday,78,11,29,333,87,30,18,86.44,9.47,49,96,05:23:45,11:34:00
E69793,Mahika Mani,11.52,58,Weekday,59,16,34,455,91,30,26,77.18,6.73,12,89,11:06:57,11:10:24
E52498,Hemal Bhatnagar,21.18,59,Weekend,66,8,50,507,88,15,23,98.74,8.97,23,85,04:26:41,18:34:42
E64415,Dhriti Biswas,48.5,89,Weekday,56,16,34,484,91,30,23,78.57,3.9,33,98,13:43:31,19:58:45
E12048,Yagnesh Balakrishnan,31.06,87,Weekend,116,20,47,432,81,15,14,95.8,5.07,25,95,15:10:39,06:49:50
E37021,Indira Sen,21.83,74,Holiday,55,21,33,230,82,15,9,71.8,5.67,24,84,22:54:55,05:39:26
E92207,Girik Kuruvilla,33.17,71,Weekend,92,15,37,309,91,30,17,70.92,1.22,38,90,09:09:05,11:24:13
E70845,Yamini Mangat,40.49,72,Weekday,72,21,42,362,82,30,14,63.94,1.64,12,89,05:16:31,07:38:22
E94523,Zinal Gandhi,15.82,71,Weekend,73,19,59,449,88,15,29,84.16,2.24,58,91,07:30:08,04:10:55
E13809,Vrishti Ram,47.35,68,Weekend,86,14,47,487,80,30,27,80.51,7.85,19,95,02:34:48,14:55:14
E52746,Nihal Char,17.48,97,Weekday,95,11,43,400,94,60,21,73.63,1.77,22,96,21:18:50,21:41:44
E38333,Nachiket Prabhakar,16.53,78,Holiday,38,13,18,395,84,30,30,60.39,8.29,32,93,23:27:02,04:09:54
E84536,Ladli Minhas,28.05,93,Weekend,103,12,30,400,80,60,8,96.89,2.38,31,95,06:48:35,14:51:04
E85775,Xavier Sani,16.23,75,Weekday,103,14,22,343,83,30,25,98.48,6.75,29,85,09:02:11,05:47:45
E42329,Mohini Sule,10.74,85,Weekday,39,21,54,408,95,15,12,67.96,9.2,34,92,09:54:10,12:35:35
E65797,Pushti Muni,17.82,92,Holiday,43,15,13,288,80,15,17,94.39,4.7,20,86,03:54:04,22:34:15
E26926,Shaurya Ratta,34.5,80,Holiday,43,14,23,166,86,30,20,92.72,6.98,20,92,06:06:55,18:14:52
E87003,Benjamin Jain,16.16,95,Holiday,93,12,22,103,84,30,9,92.98,6.44,25,93,03:40:18,00:39:08
E84609,Jalsa Balay,53.36,79,Weekend,108,8,57,146,89,60,21,73.87,8.58,60,92,20:23:22,07:25:14
E61260,Tanish Narain,38.72,61,Weekend,66,10,49,475,93,30,19,96.43,2.65,46,86,04:33:19,02:29:33
E61583,Kashvi Chad,43.43,52,Weekday,55,12,50,375,89,60,9,87.92,7.5,23,98,01:34:24,09:24:58
E63907,Aarna Varghese,59.58,85,Weekday,82,9,58,153,90,30,21,66.59,2.87,12,97,09:20:13,06:07:28
E13501,Ucchal Pingle,9.03,94,Holiday,94,14,31,481,92,15,19,61.51,3.26,55,87,09:41:03,12:52:22
E52875,Manya Nagar,41.87,79,Weekend,94,9,15,380,87,60,21,65.61,8.38,20,88,02:18:49,16:09:44
E12367,Jalsa Randhawa,38.38,61,Weekend,50,16,57,300,85,15,28,90.54,7.1,19,97,10:01:33,07:44:57
E56935,Sara Pingle,14.79,95,Weekday,103,11,38,456,81,60,23,85.64,7.45,16,95,09:32:05,16:03:35
E50412,Riya Bandi,29.42,88,Weekday,41,20,34,492,86,15,18,96.35,2.8,11,96,19:47:40,12:33:52
E60012,Vincent Chaudhuri,59.41,71,Weekday,120,9,24,590,83,60,12,88.96,1.4,42,86,02:42:54,01:57:13
E27600,Bahadurjit Pai,22.75,90,Weekday,114,11,44,302,93,15,14,68.55,4.21,21,83,16:19:52,17:13:48
E91690,Chandran Rao,40.97,50,Weekend,62,15,24,133,88,60,26,74.76,1.61,23,96,23:39:08,02:55:35
E75762,Kabir Chandra,47.21,81,Weekday,103,20,46,187,88,15,26,72.97,6.68,34,87,22:00:33,01:00:35
E28623,Oeshi Ghosh,14.64,98,Holiday,75,21,52,346,82,30,7,84.34,6.27,34,90,23:52:04,17:13:34
E99662,Ranveer Purohit,37.31,50,Weekday,37,17,58,559,83,30,14,89.52,7.82,49,85,17:28:32,12:14:35
E65183,Sai Memon,12.57,81,Weekend,60,10,34,204,81,15,30,83.92,9.51,57,93,15:12:11,23:17:22
E85085,Nisha Menon,20.3,91,Weekday,101,20,36,431,89,15,14,93.88,3.98,25,89,04:05:20,13:41:24
E90713,Robert Parmar,7.97,92,Weekday,63,17,34,366,90,15,21,85.19,1.58,41,85,23:04:08,00:52:23
E73559,Triya Konda,7.87,59,Weekday,51,9,21,403,86,15,23,63.13,7.52,29,88,21:39:43,00:55:02
E37637,Ekta Nagi,18.47,61,Holiday,66,12,28,395,94,60,13,70.87,8.03,15,94,15:55:47,13:54:23
E59781,Yashvi Acharya,25.77,80,Weekend,89,16,49,476,93,15,22,60.79,4.43,15,92,22:09:26,02:06:44
E79501,Oliver Sekhon,34.55,85,Holiday,57,12,34,337,89,30,16,75.01,6.45,14,93,06:34:52,23:15:43
E43468,Sneha Kota,44.32,62,Weekday,59,8,10,541,91,30,19,97.03,9.46,57,94,21:19:53,09:52:11
E98185,Onkar Choudhary,31.93,91,Holiday,44,14,12,571,83,30,25,66.49,7.87,26,94,07:43:46,21:59:37
E91185,Laksh Bala,44,90,Holiday,82,19,13,433,92,30,30,69.87,5.3,33,83,01:12:08,18:26:54
E24528,Jyoti Gole,40.49,66,Holiday,93,18,19,230,87,60,25,98.07,8.57,10,86,13:53:46,19:38:16
E43729,Atharv Brar,40.44,74,Weekend,110,9,43,565,86,30,12,93.19,3.28,29,95,19:03:50,22:34:37
E33388,Bhavika Dhar,21.94,76,Holiday,46,9,50,393,91,15,15,89.95,9.37,35,92,00:54:44,23:55:34
E68442,Avi Kata,59.29,81,Weekday,47,9,59,456,93,60,20,86.18,7.6,20,88,06:42:46,02:51:19
E77552,Thomas Kara,15.25,58,Weekday,97,10,42,585,83,30,25,92.57,2.67,13,88,15:05:03,00:55:54
E25886,Maya Peri,19.26,76,Weekend,115,17,16,544,85,15,16,63.43,2.12,14,93,00:54:14,04:06:10
E94907,Edhitha Gokhale,37.21,80,Weekend,47,8,13,236,80,60,25,91.57,1.38,23,83,21:35:55,09:13:54
E34833,Yashica Guha,38.16,98,Weekend,97,15,58,272,93,30,18,87.27,4.09,30,90,13:32:29,00:52:09
E14855,Vaishnavi Subramanian,41.58,74,Holiday,42,13,31,512,83,15,21,94.82,4.62,18,83,13:30:04,13:00:36
E28558,Anusha Sule,11.76,83,Weekend,66,13,38,416,95,60,20,86.41,1.03,50,93,23:37:36,20:42:45
E69793,Mahika Mani,39.86,52,Holiday,76,18,38,219,95,30,30,84.5,1.73,37,98,06:49:08,07:01:54
E52498,Hemal Bhatnagar,52.14,56,Holiday,84,12,48,199,84,60,25,91.39,7.45,12,87,01:25:52,20:29:56
E64415,Dhriti Biswas,48.83,69,Holiday,105,21,39,186,94,15,22,86.51,3.17,23,88,13:37:37,06:08:49
E12048,Yagnesh Balakrishnan,43.49,56,Weekend,38,10,30,562,92,30,14,88.77,6.99,52,86,09:36:20,03:15:07
E37021,Indira Sen,12.47,84,Holiday,97,9,60,454,90,15,25,90.65,6.41,51,93,13:28:00,10:25:19
E92207,Girik Kuruvilla,55.06,97,Holiday,83,18,51,501,93,15,14,70.36,3.62,17,85,11:08:47,01:49:35
E70845,Yamini Mangat,45.73,62,Holiday,49,17,33,165,90,30,25,89.48,3.8,47,89,14:02:00,17:55:10
E94523,Zinal Gandhi,58.89,70,Weekend,51,16,52,408,87,15,19,60.37,8.67,30,87,23:57:14,06:28:13
E13809,Vrishti Ram,51.05,81,Holiday,93,10,48,245,84,60,28,93.97,8.45,12,93,18:35:41,01:47:32
E52746,Nihal Char,32.63,94,Weekday,70,21,55,393,95,60,13,79.8,7.34,34,84,08:51:44,01:25:47
E38333,Nachiket Prabhakar,13.4,95,Weekday,63,19,57,126,85,30,30,75.67,9.86,52,88,00:51:40,07:44:12
E84536,Ladli Minhas,35.14,71,Weekend,95,13,58,300,92,15,23,89.07,3.54,22,95,01:41:20,00:09:51
E85775,Xavier Sani,12.2,98,Holiday,41,21,55,255,94,60,12,83.09,4.98,40,92,02:30:22,23:42:00
E42329,Mohini Sule,16.54,97,Weekday,118,8,33,471,83,60,11,75.06,9.84,53,88,23:39:24,19:56:39
E65797,Pushti Muni,10.28,80,Weekday,41,9,42,432,90,60,20,98.79,6.64,35,90,22:25:02,07:35:33
E14455,Harish Chhabra,11.53,75,Weekend,73,19,48,588,85,60,30,75.01,7.23,60,85,17:41:49,12:23:17
E70774,Shaurya Chahal,52.57,91,Weekend,70,18,51,327,91,15,10,64.67,2.1,51,90,04:27:15,07:31:45
E13018,Aahana Deshmukh,37.28,86,Weekend,70,19,57,148,85,30,22,100,7.32,29,87,20:13:59,15:27:46
E23033,Warda Balakrishnan,22.89,95,Holiday,58,14,54,110,92,60,24,91.34,5.77,14,86,01:00:01,21:58:59
E37192,Hritik Sandhu,58.11,57,Weekday,111,19,21,102,94,30,10,61.57,6.18,51,88,11:41:50,12:34:16
E21510,Yashvi Sarraf,35.94,98,Weekday,45,9,42,252,91,60,12,76.92,9.51,10,90,09:23:25,07:31:36
E49400,Oeshi Shankar,7.54,83,Weekend,119,16,38,171,95,60,17,80.91,9.87,32,89,04:41:13,10:35:29
E22977,Amara Puri,41.44,52,Weekday,39,11,19,253,86,15,26,82.08,6.33,27,87,13:21:09,05:23:51
E91567,Yatan Karan,28.21,85,Weekend,68,14,51,562,85,30,21,63.33,3.29,37,87,14:37:21,22:47:52
E80242,Prisha Gandhi,16.21,90,Holiday,69,18,54,430,86,60,18,82.55,6.83,42,88,16:03:50,23:05:16
E65009,Nisha Narang,50.19,70,Weekend,83,8,48,226,82,30,10,81.26,7.16,36,85,22:39:36,15:23:03
E53169,Zashil More,40.21,73,Weekend,69,10,24,240,80,15,19,99.18,3,16,86,02:44:29,22:06:02
E33033,Utkarsh Mutti,33.96,69,Holiday,97,9,43,278,89,60,15,84.3,9.07,20,93,19:39:03,10:53:25
E61060,Nihal Uppal,14.94,97,Holiday,103,16,48,551,92,30,25,65.1,1.09,42,87,04:03:40,11:30:23
E60012,Vincent Chaudhuri,11.95,74,Holiday,69,8,56,427,91,60,14,87.13,4.76,39,88,02:31:32,12:53:49
E27600,Bahadurjit Pai,59.24,79,Holiday,71,12,37,366,87,30,27,94.32,9.53,36,93,21:30:13,00:36:04
E91690,Chandran Rao,39.91,54,Holiday,65,9,20,394,81,15,30,71.43,9.37,10,96,11:47:05,00:44:27
E75762,Kabir Chandra,32.98,96,Weekday,96,15,42,450,83,30,7,84.65,9.2,57,83,01:14:03,15:26:32
E28623,Oeshi Ghosh,43.64,97,Weekend,66,19,52,586,81,60,21,98.59,7.07,58,90,23:10:26,07:43:42
E99662,Ranveer Purohit,9.13,58,Holiday,80,8,37,353,92,15,18,98.79,4.04,53,90,06:55:04,08:05:54
E65183,Sai Memon,51.79,57,Weekend,73,15,28,235,86,15,30,85.25,4.54,29,84,05:01:49,17:20:45
E85085,Nisha Menon,54.09,81,Weekday,80,8,49,335,90,30,18,64.29,4.15,56,88,09:00:15,22:37:24
E90713,Robert Parmar,24.5,56,Weekend,97,11,15,370,84,30,10,96.52,1.06,59,91,09:08:17,21:06:40
E73559,Triya Konda,30.89,73,Weekend,81,14,21,374,88,15,21,86.25,4.95,18,94,16:38:59,09:48:39
E37637,Ekta Nagi,5.32,95,Weekday,49,11,28,120,84,30,20,89.76,9.11,20,89,14:27:56,01:09:36
E59781,Yashvi Acharya,57.78,67,Weekday,88,15,45,353,84,30,19,80.07,9.31,34,87,10:31:03,06:33:46
E79501,Oliver Sekhon,57.67,100,Weekday,51,10,32,356,80,60,14,62.08,8.47,37,83,05:31:23,14:05:36
E43468,Sneha Kota,31.41,68,Weekend,45,20,37,226,84,60,23,67.47,3.53,17,91,06:42:29,14:23:39
E98185,Onkar Choudhary,41.65,77,Weekday,95,19,60,514,83,60,30,80.09,2.63,47,87,16:51:59,00:56:00
E91185,Laksh Bala,11.63,75,Weekday,70,11,19,318,80,60,13,63.64,1.46,36,92,23:51:11,13:27:48
E24528,Jyoti Gole,58.91,64,Weekend,89,15,13,361,93,60,8,72.17,3.42,27,94,05:10:20,15:35:23
E43729,Atharv Brar,18.58,53,Weekday,40,8,13,438,90,15,16,78.88,9.18,16,96,01:52:15,05:22:08
E33388,Bhavika Dhar,18.87,81,Weekend,77,12,17,149,80,60,24,90.82,2.17,33,94,10:20:40,06:44:18
E68442,Avi Kata,34.09,73,Weekday,118,12,23,399,92,15,10,65.22,7.68,17,84,00:19:47,02:03:29
E77552,Thomas Kara,58.26,91,Weekday,59,19,38,573,83,15,24,84.76,3.71,40,89,06:48:06,06:22:44
E25886,Maya Peri,44.64,52,Weekday,59,14,45,464,88,60,18,95.8,5.04,55,86,03:13:16,22:56:30
E94907,Edhitha Gokhale,8.72,76,Holiday,99,20,11,185,88,60,11,71.59,9.6,13,89,17:31:52,11:09:17
E34833,Yashica Guha,32.23,84,Holiday,44,10,38,484,92,60,19,76.03,3.44,21,83,11:02:05,01:24:14
E14855,Vaishnavi Subramanian,36.45,87,Holiday,36,20,42,333,88,30,14,71.85,3.42,17,88,13:26:20,08:52:09
E28558,Anusha Sule,7.51,65,Weekend,40,18,19,582,88,15,15,94.94,1.46,25,89,05:05:18,21:54:46
E69793,Mahika Mani,11.39,91,Weekend,115,17,33,266,82,60,24,70.56,2.2,49,92,22:48:39,16:19:35
E52498,Hemal Bhatnagar,59.19,90,Weekday,80,11,56,594,88,15,15,98.86,5.84,59,86,17:33:31,09:42:23
E64415,Dhriti Biswas,57.01,66,Holiday,116,17,45,205,94,15,17,70.75,6.23,58,95,00:38:02,22:35:53
E12048,Yagnesh Balakrishnan,29.53,96,Holiday,90,13,19,561,95,15,22,67.26,2.67,21,89,17:00:37,04:24:52
E37021,Indira Sen,31.98,96,Weekday,117,12,11,258,85,15,19,87.49,2.69,19,85,18:10:38,08:47:57
E92207,Girik Kuruvilla,18.49,91,Weekend,47,19,43,170,80,60,10,75.12,1.19,10,84,16:16:40,21:09:38
E70845,Yamini Mangat,18.66,55,Weekend,53,18,48,106,80,15,24,89.45,4.05,55,85,08:00:23,05:48:50
E94523,Zinal Gandhi,12.66,98,Holiday,91,21,20,257,90,30,11,69.75,5.89,27,86,22:40:01,09:59:27
E13809,Vrishti Ram,50.37,56,Holiday,72,9,42,553,93,15,7,96.49,1.22,37,95,20:47:04,17:06:55
E52746,Nihal Char,24.43,68,Weekday,84,18,55,521,83,30,12,99.63,3.02,28,94,22:32:04,11:12:37
E38333,Nachiket Prabhakar,38.86,57,Weekend,45,8,48,177,85,30,23,73.39,2.63,37,87,09:58:55,14:36:46
E84536,Ladli Minhas,42.79,89,Weekend,79,9,27,569,95,60,18,97.32,8.3,55,85,03:06:21,20:04:57
E85775,Xavier Sani,52.39,59,Holiday,53,13,19,299,94,60,22,92.59,2.02,37,91,18:47:45,10:09:02
E42329,Mohini Sule,9.97,58,Weekday,84,13,30,353,93,30,29,98.91,6.42,50,93,16:00:29,18:09:31
E65797,Pushti Muni,49.12,91,Weekday,84,14,45,354,95,60,24,92.86,4.46,47,96,03:09:03,02:14:38
E79067,Wriddhish Bhargava,36.78,94,Holiday,63,19,15,220,91,15,13,99.76,1.15,45,98,12:07:41,15:23:59
E27510,Arjun Prabhakar,55.65,53,Weekend,81,21,59,519,84,30,21,65.77,8.68,36,90,20:55:59,21:58:31
E37621,Jagvi Jaggi,50.53,53,Holiday,52,9,54,460,84,30,30,61.05,9.68,33,84,15:53:42,04:44:35
E23894,Riya Sama,41.45,54,Weekend,111,21,20,115,84,30,11,63.16,1.69,46,96,22:10:56,00:29:25
E29623,Gautam Gala,47.1,80,Holiday,52,19,43,457,89,30,20,88.9,5,51,83,21:38:25,23:29:53
E47587,Ishani Bera,11.12,53,Holiday,39,17,58,188,85,15,19,93.31,7.12,39,91,15:00:56,00:18:02
E84981,Dipta Choudhury,32.6,95,Weekday,89,10,27,598,82,60,19,99.12,2.13,23,95,18:02:14,11:40:08
E91139,Ekanta Shukla,8.08,75,Weekday,106,17,14,518,94,30,17,86.11,4.65,34,88,20:57:42,17:44:22
E17165,Mitesh Borra,49.18,91,Weekend,59,12,16,153,82,30,26,91.15,4.02,25,92,05:45:38,04:26:30
E31333,Patrick Sundaram,34.79,54,Weekday,111,8,58,565,89,15,24,68.07,9.36,25,91,15:07:44,09:04:48
E21146,Benjamin Shanker,58.72,86,Weekday,107,20,40,123,81,30,9,97.74,1.08,32,92,19:06:26,11:54:45
E62184,Viraj Jha,32.51,70,Weekend,80,10,54,445,83,30,20,95.86,5.53,42,87,15:54:36,16:44:17
E13104,Gopal Sane,37.29,74,Weekend,110,21,12,248,85,15,28,78.52,8.97,15,90,09:53:38,00:22:10
E38265,Nakul Kalita,49.41,91,Weekday,55,16,43,473,90,30,11,73.56,4.24,37,84,04:55:47,04:17:48
E99505,Darsh Shroff,26.32,63,Holiday,112,9,19,390,95,15,7,65.7,8.83,45,85,03:35:44,03:55:43
E75393,Nidra Gade,10.18,70,Weekday,72,10,14,243,91,30,9,62.85,7.4,39,91,15:26:12,19:35:12
E72031,Azad Palan,58.82,98,Weekend,118,10,17,597,95,15,18,94.36,4.61,49,87,08:10:34,04:42:27
E67780,Charita Date,25.17,89,Weekend,82,9,53,311,94,30,28,61.71,9.8,13,90,07:41:07,13:45:45
E83505,Vedhika Cherian,5.44,56,Weekend,83,10,46,304,82,15,19,94.97,7.02,32,97,06:08:28,23:26:32
E71405,Oscar Bhatt,40.34,79,Weekday,45,10,56,155,92,30,13,76.06,1.58,31,98,01:09:02,09:47:07
E37870,Hemal Gole,43.63,80,Weekday,70,15,12,379,84,30,11,85.61,3.88,12,95,02:45:46,17:50:03
E18178,Raagini Rama,56.51,73,Weekend,95,11,13,208,80,60,20,70.79,6.72,15,87,14:16:49,00:41:49
E19077,Ikbal Mani,20.06,55,Weekend,92,21,36,368,86,60,15,67.36,1.48,37,93,12:26:17,06:40:49
E60012,Vincent Chaudhuri,14.05,72,Weekend,96,15,44,452,85,60,20,74.19,7.24,34,83,17:12:43,08:48:52
E27600,Bahadurjit Pai,48.07,88,Weekday,44,19,52,396,84,30,28,99.45,9.45,57,93,11:32:06,20:33:03
E91690,Chandran Rao,13.28,79,Weekday,98,21,30,158,93,30,23,88.89,9.89,18,97,23:38:18,17:03:51
E75762,Kabir Chandra,58.32,56,Weekday,62,19,22,315,85,60,19,68.65,2.89,22,83,19:56:01,17:22:49
E28623,Oeshi Ghosh,49.76,51,Weekend,74,16,17,458,95,60,21,76.56,4.17,44,96,16:13:11,02:11:29
E99662,Ranveer Purohit,58.57,71,Weekday,57,15,37,291,85,60,26,66.51,4.92,28,96,12:14:39,21:00:40
E65183,Sai Memon,20.58,89,Weekday,46,20,16,145,80,60,20,64.15,7.75,49,86,01:25:03,04:54:14
E85085,Nisha Menon,29.43,87,Weekday,120,12,36,208,87,30,24,75.24,2.76,40,86,12:17:04,03:54:09
E90713,Robert Parmar,58.22,79,Weekend,117,19,60,479,92,15,18,91.29,5.57,27,91,15:54:17,22:47:02
E73559,Triya Konda,51.12,100,Weekend,65,8,36,116,80,15,11,91.62,8.57,43,93,05:32:40,07:37:27
E37637,Ekta Nagi,14.37,86,Weekend,65,16,35,198,92,15,25,77.16,9.45,34,88,01:57:40,23:19:55
E59781,Yashvi Acharya,54.73,83,Weekday,90,11,16,463,84,60,10,85.26,8.06,58,91,01:10:22,02:19:50
E79501,Oliver Sekhon,13.75,70,Weekday,46,9,11,323,80,60,25,66.12,6.56,44,85,11:24:02,21:14:38
E43468,Sneha Kota,26.03,97,Holiday,51,15,50,423,91,15,14,86.1,3,22,90,02:06:17,09:54:42
E98185,Onkar Choudhary,47.37,92,Weekday,70,9,19,421,80,60,25,94.68,2,48,86,09:59:26,11:42:00
E91185,Laksh Bala,12.8,66,Weekday,46,9,41,532,91,15,19,64.03,8.16,36,85,05:00:00,13:36:25
E24528,Jyoti Gole,57.76,54,Weekday,88,14,30,424,94,15,12,71.95,9.13,52,84,01:31:46,10:59:35
E43729,Atharv Brar,58.68,72,Weekend,113,17,44,102,85,60,30,70.18,2.09,48,83,17:54:14,09:47:26
E33388,Bhavika Dhar,6.27,82,Weekday,62,21,33,158,86,15,17,65.54,1.75,54,87,23:12:44,09:37:34
E68442,Avi Kata,20.05,62,Weekday,79,19,45,433,89,30,30,92.36,4.92,35,89,15:42:58,19:41:32
E77552,Thomas Kara,14.51,93,Holiday,70,14,16,398,89,15,13,98.15,5.39,38,96,06:43:46,08:59:05
E25886,Maya Peri,46.09,70,Holiday,48,17,34,319,86,60,18,74.96,6.69,14,97,16:46:38,18:42:29
E94907,Edhitha Gokhale,53.92,82,Weekend,110,14,28,409,91,30,7,64.59,8.28,37,88,22:31:59,19:12:44
E34833,Yashica Guha,18.49,63,Holiday,82,13,19,499,90,15,7,72.74,1.1,31,89,09:36:57,18:45:23
E14855,Vaishnavi Subramanian,36.21,70,Weekday,106,9,34,245,86,60,13,64.12,3.5,48,85,07:01:18,00:40:26
E28558,Anusha Sule,54.1,76,Holiday,90,13,30,201,86,15,22,79.95,9.91,36,86,20:12:16,14:42:11
E69793,Mahika Mani,29.9,88,Weekend,110,14,25,395,80,30,7,85.75,8.7,10,97,06:04:04,00:59:01
E52498,Hemal Bhatnagar,12.21,75,Weekday,103,16,12,272,80,15,22,63.8,8.22,56,92,20:34:00,22:26:21
E64415,Dhriti Biswas,22.45,72,Weekend,45,16,59,260,95,60,8,75.73,7.27,39,98,17:02:49,10:28:08
E12048,Yagnesh Balakrishnan,58.19,57,Weekend,114,9,11,214,81,15,11,64.21,3.91,54,96,15:45:03,00:47:38
E37021,Indira Sen,14.36,62,Holiday,82,21,44,102,81,30,8,64.43,9.52,14,91,00:48:28,16:20:19
E92207,Girik Kuruvilla,42.84,100,Weekend,69,19,20,573,84,60,21,64.8,3.87,19,96,06:59:36,05:24:56
E70845,Yamini Mangat,29.57,57,Holiday,102,11,46,344,95,30,17,90.91,5.34,15,91,00:42:37,23:21:00
E94523,Zinal Gandhi,44.13,72,Holiday,66,18,51,476,86,60,9,63.01,5.45,23,83,08:25:38,14:32:14
E13809,Vrishti Ram,16.89,74,Weekday,97,9,31,206,90,30,29,78.16,2.39,42,86,15:09:26,22:39:45
E52746,Nihal Char,17.03,73,Weekend,92,21,49,362,86,30,13,62.75,4.81,53,92,11:19:32,16:49:03
E38333,Nachiket Prabhakar,40.66,59,Weekend,48,19,17,223,80,30,12,70.67,5.29,43,97,05:22:05,00:45:27
E84536,Ladli Minhas,19.61,85,Weekday,80,14,23,177,92,60,20,80.32,1.48,27,94,14:43:10,12:11:24
E85775,Xavier Sani,7.7,74,Holiday,89,11,28,196,92,15,26,71.04,6.47,43,96,19:39:28,08:57:47
E42329,Mohini Sule,42.46,91,Weekday,49,11,17,127,81,60,15,69.55,5.79,27,90,01:16:18,15:53:19
E65797,Pushti Muni,43.47,75,Weekend,85,9,24,475,88,30,13,66.84,2.83,50,92,05:53:38,16:56:01
E88159,Ekaja Patla,20.84,50,Weekday,58,16,54,418,95,60,16,94.1,7.19,20,93,14:20:46,10:19:05
E99318,Oliver Varughese,8.82,61,Weekend,93,10,10,441,95,30,17,60.83,9.77,14,88,07:27:43,22:06:53
E99024,Urvashi Subramanian,46.81,50,Holiday,80,15,47,100,95,15,22,64.38,8.37,46,92,02:55:49,17:38:10
E39922,Vidhi Kale,33.89,60,Weekday,47,9,29,511,90,30,22,89.39,9.91,26,98,09:59:15,02:32:21
E43231,Bhavya Banerjee,25.04,50,Weekend,73,19,31,556,95,15,15,87.43,7.55,11,87,08:12:18,04:06:46
E63781,Tanish Modi,52.09,92,Weekday,80,15,11,225,93,30,13,89.77,2.74,34,86,01:47:47,09:36:44
E60012,Vincent Chaudhuri,53.24,93,Holiday,92,16,21,235,91,30,19,83.57,9.51,27,92,07:08:16,08:44:18
E27600,Bahadurjit Pai,7.26,83,Holiday,78,21,49,162,93,30,25,98.73,8.13,28,86,03:12:00,00:43:58
E91690,Chandran Rao,32.44,93,Weekday,94,18,19,367,89,60,24,86.57,3.73,28,85,02:41:38,01:31:05
E75762,Kabir Chandra,5.86,52,Weekday,71,21,47,163,81,30,16,60.2,4.17,10,84,18:26:54,15:47:29
E28623,Oeshi Ghosh,12.57,68,Holiday,120,20,45,179,82,60,15,65.71,7.6,37,85,23:20:39,05:21:22
E99662,Ranveer Purohit,17.04,80,Weekend,66,20,53,426,92,30,19,98.68,1.88,26,92,21:26:15,21:44:51
E65183,Sai Memon,22.09,86,Weekend,76,20,47,171,86,30,11,76.65,2.8,29,85,12:02:36,13:34:50
E85085,Nisha Menon,36.17,90,Weekend,104,10,34,500,93,15,11,81.06,7.25,42,94,08:35:51,11:28:11
E90713,Robert Parmar,24.48,79,Weekend,87,15,11,567,80,30,9,90.23,6.54,29,90,06:53:24,03:12:27
E73559,Triya Konda,33.17,58,Holiday,104,17,28,127,92,15,19,86.8,5.17,58,97,10:14:43,01:57:32
E37637,Ekta Nagi,9.66,67,Holiday,48,13,48,149,89,60,22,87.62,8.78,17,84,15:26:07,15:31:24
E59781,Yashvi Acharya,33.39,85,Holiday,98,10,24,558,84,30,27,72.44,9.9,10,98,10:42:13,02:47:13
E79501,Oliver Sekhon,42.83,57,Weekday,35,10,48,550,83,60,10,69.89,1.93,11,97,01:43:43,00:54:54
E43468,Sneha Kota,8.06,57,Weekend,86,15,21,519,87,60,15,92.87,7.13,52,86,17:03:28,18:10:33
E98185,Onkar Choudhary,13.04,51,Weekday,53,21,57,436,87,15,23,89.67,5.92,40,98,02:43:13,08:52:04
E91185,Laksh Bala,20.92,56,Holiday,98,13,52,240,92,30,29,91.99,5.18,37,87,16:37:52,11:33:10
E24528,Jyoti Gole,20.59,57,Holiday,84,8,47,255,81,60,27,95.73,6.58,12,94,00:46:16,12:05:51
E43729,Atharv Brar,30.73,96,Weekend,70,8,20,283,86,30,29,81,5.62,21,87,09:04:36,14:14:38
E33388,Bhavika Dhar,41.08,86,Weekend,93,19,60,171,88,60,16,96.94,1.61,51,98,16:29:21,03:12:24
E68442,Avi Kata,57.94,88,Holiday,58,17,55,574,88,15,29,72.96,9.6,32,95,15:35:30,21:28:08
E77552,Thomas Kara,7.47,96,Weekday,64,9,52,154,95,60,22,72.95,3.08,59,90,14:51:30,06:55:11
E25886,Maya Peri,54.49,61,Holiday,84,20,36,572,82,15,26,70.02,1.34,57,85,05:10:47,09:31:31
E94907,Edhitha Gokhale,46.98,88,Holiday,38,10,30,155,94,30,11,99.55,6.16,22,89,03:40:41,11:21:26
E34833,Yashica Guha,32.01,93,Weekend,63,11,57,182,93,60,13,63.44,1.22,52,86,00:00:22,11:42:09
E14855,Vaishnavi Subramanian,6.83,58,Weekday,81,20,36,390,82,30,12,87.29,9.62,56,98,07:34:21,17:38:23
E28558,Anusha Sule,50.78,86,Weekend,99,13,32,416,84,15,21,77.1,4.39,14,85,15:05:56,00:43:43
E69793,Mahika Mani,48.03,69,Weekday,50,15,24,126,90,15,14,92.85,3.61,26,95,06:12:48,04:20:26
E52498,Hemal Bhatnagar,8.74,60,Weekend,44,16,46,223,89,30,26,62.27,7.28,17,98,08:20:56,02:57:22
E64415,Dhriti Biswas,40.93,52,Weekend,88,12,22,271,81,15,13,81.88,7.6,58,84,17:14:30,15:51:45
E12048,Yagnesh Balakrishnan,32.15,86,Holiday,39,13,14,586,93,60,30,84.5,1.73,45,98,21:25:37,13:18:00
E37021,Indira Sen,19.88,52,Weekday,39,15,42,215,91,30,22,72.14,8.65,24,83,15:08:05,05:47:20
E92207,Girik Kuruvilla,6.45,100,Weekday,103,17,34,449,80,60,22,62.09,7.89,54,87,19:38:00,20:25:20
E70845,Yamini Mangat,43.57,85,Weekday,49,15,17,559,91,30,13,73.73,9.26,25,90,04:12:12,21:50:36
E94523,Zinal Gandhi,37.37,64,Weekend,103,17,12,510,80,60,14,92.5,1.69,18,97,02:52:18,06:22:04
E13809,Vrishti Ram,20.54,70,Weekend,112,18,25,249,84,60,19,79.15,2.1,14,85,20:08:59,03:50:19
E52746,Nihal Char,56.61,63,Weekend,80,21,24,327,89,30,24,71.71,6.88,43,91,07:41:41,07:10:12
E38333,Nachiket Prabhakar,43.38,82,Weekday,41,13,36,461,95,30,9,68.14,2.23,43,90,17:58:32,09:27:37
E84536,Ladli Minhas,45.8,63,Weekday,82,19,60,172,81,15,29,77.61,7.88,17,83,14:25:22,06:38:59
E85775,Xavier Sani,51,67,Weekend,110,14,29,523,82,15,15,94.18,4.46,11,95,23:11:11,19:32:34
E42329,Mohini Sule,29.42,64,Weekday,83,10,52,320,81,60,16,61.25,7.87,11,93,19:22:32,01:56:42
E65797,Pushti Muni,49.56,87,Weekday,38,13,56,524,93,30,30,97.14,7.77,16,95,16:27:26,09:07:28
E98862,Falan Datta,20.81,84,Weekend,89,17,56,390,88,15,19,78.69,9.93,25,87,04:37:36,05:56:47
E11990,Sai Shankar,20.44,93,Weekend,45,11,59,377,89,30,25,75.78,6.54,33,91,10:14:50,17:04:37
E96406,Baljiwan Hegde,18.78,91,Holiday,36,9,29,391,90,30,12,77.75,1.16,10,97,01:06:52,06:30:31
E14850,Omkaar Venkataraman,58.12,80,Holiday,106,11,36,129,82,30,26,82.06,9.58,38,88,01:27:11,01:06:58
E43817,Logan Karan,47.13,67,Weekend,98,10,24,422,85,15,26,86.24,3.09,51,84,22:07:11,15:18:12
E34150,William Manda,42.64,78,Holiday,75,8,45,467,87,15,29,99.68,9.78,11,94,04:31:50,09:07:39
E80836,Chakrika Mody,44.51,88,Weekday,79,9,14,359,94,15,23,63.1,2.84,46,94,14:57:33,17:00:59
E99262,Sanya Ahuja,27.88,91,Weekend,71,10,11,267,91,30,20,95.9,4.37,28,83,10:21:56,23:44:38
E31012,Jeet Dhar,25.26,68,Weekday,110,8,16,411,86,30,23,88.63,7.68,60,94,03:26:09,13:28:46
E38163,Oscar Murty,25.84,87,Weekday,119,19,19,295,82,15,14,82.62,9.98,50,96,15:07:06,09:20:30
E80643,Jeet Peri,45.32,83,Weekday,112,15,52,368,94,30,15,67.8,6.18,25,93,17:58:04,00:33:07
E41860,Vedhika Kant,48.95,73,Weekday,93,13,57,597,83,60,14,77.8,9.62,36,94,10:52:31,19:45:41
E20445,Chaman Mutti,24.36,82,Weekday,81,18,40,409,87,30,20,69.19,8.45,18,90,08:32:20,20:41:34
E63427,Chatresh Singhal,42.08,92,Weekday,112,12,60,246,90,30,10,63.26,4.79,19,98,14:37:24,05:39:27
E92920,Suhani Sundaram,53.48,62,Weekday,93,8,20,161,93,30,24,88.46,5.23,16,87,14:36:48,11:48:35
E14466,Dhruv Radhakrishnan,50.86,51,Holiday,56,9,18,363,92,30,18,65.1,7.27,25,92,07:52:27,17:22:41
E60012,Vincent Chaudhuri,23.52,71,Holiday,112,17,16,469,81,15,30,96.83,9.55,36,97,19:11:00,17:55:46
E27600,Bahadurjit Pai,20.91,80,Holiday,52,19,21,470,82,15,7,83.74,4.33,51,97,20:16:18,04:28:28
E91690,Chandran Rao,22.62,61,Holiday,110,12,59,149,87,30,22,73.64,6.08,43,96,01:44:43,00:06:39
E75762,Kabir Chandra,22.75,70,Weekday,53,8,57,551,86,30,23,71.13,8.92,30,86,17:57:04,18:19:32
E28623,Oeshi Ghosh,20.66,57,Weekend,70,15,38,214,85,30,15,99.55,7.78,24,91,06:40:14,00:16:07
E99662,Ranveer Purohit,10.28,85,Holiday,56,8,48,562,81,60,24,91.96,1.06,11,94,16:23:49,23:02:04
E65183,Sai Memon,20.5,86,Weekend,91,16,18,525,94,30,10,88.65,9.27,17,97,04:48:20,08:21:17
E85085,Nisha Menon,32.13,55,Weekday,70,19,52,159,91,15,30,91.73,7.55,30,88,17:42:35,10:31:00
E90713,Robert Parmar,23.44,79,Holiday,100,18,59,137,90,15,20,64.02,7.35,43,93,07:37:10,03:35:41
E73559,Triya Konda,51.28,92,Holiday,39,18,50,104,87,15,25,75.05,9.49,53,89,18:25:29,12:24:58
E37637,Ekta Nagi,30.86,81,Weekday,98,12,18,201,82,60,30,89.98,1.03,14,98,14:59:28,04:25:07
E59781,Yashvi Acharya,38.62,95,Weekday,39,14,54,234,92,60,25,69.39,4.14,43,88,15:58:09,13:41:08
E79501,Oliver Sekhon,51.24,68,Holiday,97,15,60,422,92,60,18,81.74,3.66,24,86,03:21:41,16:00:10
E43468,Sneha Kota,28.08,78,Weekend,66,18,37,159,85,30,17,86.42,4.13,35,87,07:25:48,05:19:44
E98185,Onkar Choudhary,51.21,81,Holiday,87,18,25,114,89,30,23,68.6,8.66,36,84,21:30:51,00:33:11
E91185,Laksh Bala,47.45,66,Holiday,75,14,35,514,94,30,19,70.43,1.49,41,90,07:21:17,14:57:39
E24528,Jyoti Gole,39.99,52,Weekend,92,14,24,393,85,60,13,91.18,1.99,49,93,21:57:12,19:26:19
E43729,Atharv Brar,38.27,51,Holiday,37,20,34,146,90,30,24,62.54,1.44,23,94,16:57:00,02:25:17
E33388,Bhavika Dhar,15.91,60,Holiday,85,21,55,217,89,15,18,73.26,2.94,56,90,18:59:18,11:56:33
E68442,Avi Kata,6.98,51,Holiday,48,16,35,505,95,15,12,71.32,1.22,50,90,10:58:28,07:11:27
E77552,Thomas Kara,19.99,57,Weekend,118,14,18,518,88,15,9,62.96,7.5,58,96,16:06:19,04:33:14
E25886,Maya Peri,5.81,84,Holiday,54,9,57,401,92,15,26,94.37,8.06,37,83,03:53:12,22:03:50
E94907,Edhitha Gokhale,20.07,62,Weekday,68,18,46,341,92,30,20,63.72,9.7,45,91,04:03:56,18:09:18
E34833,Yashica Guha,20.64,94,Holiday,99,11,34,108,95,60,19,98.06,7.86,55,86,07:55:50,12:05:10
E14855,Vaishnavi Subramanian,17.32,51,Weekend,64,15,33,344,83,60,16,73.3,8.29,15,86,21:14:49,05:21:12
E28558,Anusha Sule,14.31,81,Holiday,66,9,19,306,95,60,30,93.59,7.85,13,98,14:03:58,11:45:29
E69793,Mahika Mani,27.65,97,Weekend,54,8,30,452,93,15,15,87.62,7.8,60,98,16:33:35,15:30:14
E52498,Hemal Bhatnagar,32.49,91,Weekday,76,15,55,347,82,15,20,87.97,4.38,58,83,04:06:23,20:39:44
E64415,Dhriti Biswas,33.6,57,Weekday,60,15,17,119,93,30,12,85.05,5.72,18,96,06:10:05,20:52:51
E12048,Yagnesh Balakrishnan,5.51,57,Weekend,72,19,53,238,90,60,18,82.55,2.49,28,89,01:13:49,07:03:03
E37021,Indira Sen,57.36,73,Holiday,112,12,40,336,86,30,30,88.81,8.67,18,88,02:52:31,03:43:23
E92207,Girik Kuruvilla,44.33,80,Weekday,75,14,21,176,95,15,7,72.47,2.69,54,86,15:39:21,22:39:55
E70845,Yamini Mangat,30.22,56,Weekday,114,15,48,180,82,30,27,82.37,3.03,50,83,02:38:57,16:24:42
E94523,Zinal Gandhi,20.1,77,Holiday,74,13,49,492,92,30,24,81.64,6.93,14,87,01:34:25,21:28:30
E13809,Vrishti Ram,45.19,67,Weekday,68,17,16,164,92,30,25,90.88,6.33,27,98,00:08:21,04:30:59
E52746,Nihal Char,14.25,100,Weekday,62,9,49,175,84,15,22,94.98,3.91,13,87,03:51:25,00:02:39
E38333,Nachiket Prabhakar,49.4,77,Holiday,95,13,29,356,83,15,24,75.73,7.97,55,98,10:14:31,06:09:20
E84536,Ladli Minhas,22.15,83,Weekend,102,9,48,531,86,15,27,93.34,7.4,37,97,22:39:18,13:47:58
E85775,Xavier Sani,43.23,66,Holiday,50,16,37,433,91,15,7,94.65,8.7,59,94,05:19:19,12:31:47
E42329,Mohini Sule,16.76,85,Weekday,83,13,21,577,80,15,21,74.44,2.75,47,92,06:06:05,00:37:43
E65797,Pushti Muni,10.18,73,Weekend,99,8,48,239,81,60,15,85.67,4.58,54,91,18:21:41,09:53:44
E45936,Jalsa Sridhar,39.39,86,Weekday,95,17,50,332,95,15,22,90,6.83,44,86,12:10:59,20:42:53
E15006,Isha Chana,25.32,89,Holiday,54,19,57,190,84,15,20,93.36,2.07,38,84,13:05:29,04:14:16
E51187,Amruta Pall,10.36,84,Weekend,59,18,49,477,80,30,28,93.93,3.85,55,88,20:21:30,08:28:11
E86919,Meghana Salvi,44.72,73,Holiday,36,18,35,313,81,15,13,93,5.51,56,91,18:32:12,21:57:04
E21005,Mitesh Bora,14.49,52,Weekend,112,11,54,358,93,15,27,89.87,8.54,10,92,16:45:43,22:52:48
E45882,Ekta Sabharwal,35.83,57,Weekend,94,17,54,144,94,15,10,96.72,2.64,15,88,03:08:44,16:09:47
E51615,Janya Tara,37.51,51,Weekday,36,11,50,291,94,15,30,97.73,3.77,53,89,18:45:14,02:57:53
E27397,Lakshit Rajagopalan,22.08,74,Holiday,71,10,27,171,90,30,14,93.41,3.46,22,88,09:16:26,00:24:43
E48657,Manthan Pai,19.26,78,Weekend,46,15,32,396,91,30,27,80.92,8.47,53,88,06:20:01,10:31:22
E14814,Oscar Devan,57.23,87,Weekend,54,16,46,207,93,30,27,92.44,8.17,23,93,07:20:25,09:58:43
E76029,Anusha Yadav,35.34,97,Weekend,46,16,59,207,88,15,21,70.43,9.3,43,88,17:06:07,15:05:01
E72286,Eiravati Chacko,12.69,87,Weekend,82,17,34,437,81,30,29,64.18,4.23,10,88,10:15:40,16:13:01
E65234,Tanay Choudhary,31.15,71,Holiday,47,10,32,256,85,30,24,67.45,1.2,49,97,13:16:12,13:58:08
E87801,Anamika Sachdev,36.68,77,Holiday,86,15,25,229,91,60,17,79.3,4.61,12,90,04:59:02,15:08:54
E76448,Gautami Mangal,10.93,77,Weekend,108,14,47,114,85,60,12,96.89,8.98,54,89,09:15:08,23:18:25
E84447,Jagvi Bora,46.35,58,Holiday,77,20,13,596,82,30,11,92.06,5.13,20,97,13:51:48,09:44:52
E10110,Balhaar Purohit,41.22,62,Weekday,73,12,15,194,87,15,20,63.61,3.2,53,94,01:14:50,01:27:44
E10648,Aahana Pathak,31.25,72,Weekday,95,16,53,301,86,30,28,75.05,5.17,25,86,18:34:20,21:52:58
E60800,Isaac Dey,12.07,98,Weekday,86,20,30,559,89,60,30,94.91,6.37,44,85,20:14:53,14:46:10
E55464,Veda Kunda,31.86,97,Holiday,38,11,48,191,87,30,18,73.59,8.41,49,95,05:40:01,16:17:27
E20127,Kiaan Srinivasan,40.51,58,Weekend,59,8,23,254,93,15,17,75.36,2.62,19,92,02:05:41,03:43:14
E50775,Ekbal Srinivasan,26.27,80,Weekday,68,14,21,183,92,60,23,93.37,5.18,15,94,14:03:37,16:45:34
E99923,Ekalinga Morar,45.3,91,Weekend,36,10,30,165,92,60,21,60.46,6.88,52,95,05:56:58,04:19:26
E65372,Tara Jayaraman,47.42,69,Weekend,68,19,50,159,94,60,18,91.24,7.41,44,94,19:45:17,17:54:52
E24637,Vidhi Hayer,48.2,77,Holiday,84,21,53,140,84,15,17,97.93,7.37,26,89,08:51:38,11:43:09
E77488,Girik Murty,49.71,96,Weekend,90,8,39,244,81,15,22,78.41,1.45,48,94,21:02:06,09:11:19
E43072,Thomas Talwar,28.41,93,Weekend,38,16,27,191,89,30,20,60.7,3.92,50,84,17:36:20,11:51:56
E88089,Ijaya Bhat,11.14,96,Weekday,103,19,35,227,85,15,24,63.78,7.54,50,98,07:03:24,19:20:38
E66505,Dipta Kaur,54.1,72,Weekend,114,11,56,520,94,15,9,73.06,1.34,48,86,18:27:27,04:14:36
E60012,Vincent Chaudhuri,33.19,96,Weekday,78,18,57,254,93,30,7,67.36,7.72,56,85,03:02:32,21:24:01
E27600,Bahadurjit Pai,58.08,100,Weekday,108,12,29,415,87,60,8,74.97,5.26,58,96,10:26:29,09:06:27
E91690,Chandran Rao,46.08,99,Weekday,70,16,52,123,92,15,28,71.4,1.05,23,83,13:46:11,18:44:07
E75762,Kabir Chandra,41.15,67,Weekend,94,17,60,599,90,15,14,68.99,7.38,24,85,10:41:22,14:55:06
E28623,Oeshi Ghosh,20.83,95,Holiday,93,17,36,425,90,60,19,79.02,6.02,31,93,18:52:53,05:34:24
E99662,Ranveer Purohit,24.05,78,Weekday,94,21,57,355,86,60,29,66.8,4.51,35,84,08:51:31,09:04:54
E65183,Sai Memon,51.88,55,Holiday,97,16,32,142,86,60,23,74.77,3.63,30,97,19:39:04,08:10:16
E85085,Nisha Menon,30.71,59,Holiday,109,10,49,280,93,30,7,90.06,3.55,57,98,23:18:36,09:05:20
E90713,Robert Parmar,25.64,84,Weekday,83,17,17,149,92,15,13,99.69,6.14,21,88,15:51:04,13:51:25
E73559,Triya Konda,35.25,72,Weekday,88,17,27,263,91,60,10,86.57,7.18,50,93,07:23:40,10:01:31
E37637,Ekta Nagi,34.46,75,Weekday,86,15,58,337,89,30,12,96.96,2.6,28,83,10:23:16,22:58:02
E59781,Yashvi Acharya,50.64,98,Weekend,118,10,53,564,83,30,25,86.12,9.77,36,89,01:23:33,23:08:24
E79501,Oliver Sekhon,6.6,64,Weekday,113,17,42,141,93,15,17,84.39,2.5,50,98,03:29:55,19:56:44
E43468,Sneha Kota,10,73,Weekday,111,20,51,299,86,15,21,74.76,8.87,21,98,04:28:29,06:02:42
E98185,Onkar Choudhary,22.75,68,Weekday,38,11,46,336,94,15,28,84.13,9.91,60,88,07:25:44,03:12:14
E91185,Laksh Bala,32.51,57,Holiday,77,21,20,225,94,60,9,60.28,1.29,53,96,09:15:05,15:13:24
E24528,Jyoti Gole,59.75,74,Weekday,88,12,55,375,83,60,26,85.88,5.81,11,97,06:06:05,20:47:03
E43729,Atharv Brar,50.53,53,Weekend,85,21,56,493,81,30,19,88.66,5.6,51,97,07:40:26,18:14:58
E33388,Bhavika Dhar,48.31,56,Weekday,68,20,47,485,83,60,12,74.66,6.91,19,90,21:20:45,21:32:49
E68442,Avi Kata,16.55,56,Weekend,117,19,14,334,95,15,15,73.7,7.2,31,97,22:59:25,23:13:30
E77552,Thomas Kara,36.25,88,Weekday,52,10,43,247,80,15,18,82.54,7.42,29,88,16:30:00,18:02:22
E25886,Maya Peri,39.86,80,Holiday,91,18,28,179,84,15,26,71.69,4.46,50,90,11:58:42,19:35:55
E94907,Edhitha Gokhale,51.8,87,Weekend,53,17,10,232,91,60,23,89.82,9.97,35,98,08:22:30,07:47:34
E34833,Yashica Guha,54.5,72,Holiday,54,17,42,260,91,30,22,85.94,8.84,40,88,03:11:54,12:58:16
E14855,Vaishnavi Subramanian,54.34,50,Holiday,43,13,24,258,86,15,11,71.13,8,60,86,07:39:58,15:29:34
E28558,Anusha Sule,59.75,74,Weekday,88,12,55,375,83,60,26,85.88,5.81,11,97,06:06:05,20:47:03
E69793,Mahika Mani,50.53,53,Weekend,85,21,56,493,81,30,19,88.66,5.6,51,97,07:40:26,18:14:58
E52498,Hemal Bhatnagar,48.31,56,Weekday,68,20,47,485,83,60,12,74.66,6.91,19,90,21:20:45,21:32:49
E64415,Dhriti Biswas,16.55,56,Weekend,117,19,14,334,95,15,15,73.7,7.2,31,97,22:59:25,23:13:30
E12048,Yagnesh Balakrishnan,36.25,88,Weekday,52,10,43,247,80,15,18,82.54,7.42,29,88,16:30:00,18:02:22
E37021,Indira Sen,39.86,80,Holiday,91,18,28,179,84,15,26,71.69,4.46,50,90,11:58:42,19:35:55
E92207,Girik Kuruvilla,51.8,87,Weekend,53,17,10,232,91,60,23,89.82,9.97,35,98,08:22:30,07:47:34
E70845,Yamini Mangat,54.5,72,Holiday,54,17,42,260,91,30,22,85.94,8.84,40,88,03:11:54,12:58:16
E94523,Zinal Gandhi,54.34,50,Holiday,43,13,24,258,86,15,11,71.13,8,60,86,07:39:58,15:29:34
E13809,Vrishti Ram,59.75,74,Weekday,88,12,55,375,83,60,26,85.88,5.81,11,97,06:06:05,20:47:03
E52746,Nihal Char,50.53,53,Weekend,85,21,56,493,81,30,19,88.66,5.6,51,97,07:40:26,18:14:58
E38333,Nachiket Prabhakar,48.31,56,Weekday,68,20,47,485,83,60,12,74.66,6.91,19,90,21:20:45,21:32:49
E84536,Ladli Minhas,16.55,56,Weekend,117,19,14,334,95,15,15,73.7,7.2,31,97,22:59:25,23:13:30
E85775,Xavier Sani,36.25,88,Weekday,52,10,43,247,80,15,18,82.54,7.42,29,88,16:30:00,18:02:22
E42329,Mohini Sule,39.86,80,Holiday,91,18,28,179,84,15,26,71.69,4.46,50,90,11:58:42,19:35:55
E65797,Pushti Muni,51.8,87,Weekend,53,17,10,232,91,60,23,89.82,9.97,35,98,08:22:30,07:47:34
E94523,Zinal Gandhi,54.5,72,Holiday,54,17,42,260,91,30,22,85.94,8.84,40,88,03:11:54,12:58:16
E13809,Vrishti Ram,54.34,50,Holiday,43,13,24,258,86,15,11,71.13,8,60,86,07:39:58,15:29:34
